Actual_Delay,XGB_Predicted_Delay,LSTM_Predicted_Delay,Disruption_Probability,Actual_Disruption,Disruption_Flag
1.75,16.10452,17.027527,0.6275104,1,1
0.0,16.4986,17.027512,0.7045583,0,1
0.0,19.14063,17.027502,0.7404376,1,1
0.0,15.997633,17.027493,0.6251229,1,1
35.27,16.124144,17.027514,0.7441893,1,1
6.43,17.009333,17.027527,0.82852256,1,1
0.0,16.496195,17.02754,0.70498997,1,1
0.0,16.687683,17.027504,0.712651,1,1
0.0,16.023357,17.0275,0.6400088,0,1
2.5700000000000003,16.4986,17.027472,0.71236396,0,1
20.83,15.953561,17.027502,0.69277984,0,1
1.4100000000000001,14.980396,17.0275,0.72140086,0,1
0.0,16.690075,17.027494,0.7041024,0,1
20.78,16.01669,17.027483,0.6797346,1,1
13.739999999999998,16.240242,17.0275,0.64426196,1,1
35.15,16.180584,17.027504,0.6989447,1,1
4.72,15.831538,17.027496,0.69255096,1,1
0.0,16.545034,17.027514,0.7867486,1,1
0.9100000000000001,20.16752,17.027477,0.70217806,1,1
5.74,16.155571,17.027458,0.6790633,1,1
17.55,16.054348,17.027487,0.6644856,0,1
17.85,15.640222,17.027494,0.6474257,0,1
0.0,18.244267,17.027481,0.7480071,1,1
0.0,16.330996,17.027458,0.6695588,0,1
233.39,15.604878,17.02748,0.6454091,1,1
1.4299999999999997,14.262023,17.027527,0.6660503,0,1
0.0,15.888667,17.027523,0.64558285,1,1
0.0,16.345596,17.02751,0.65728307,1,1
1.37,18.100925,17.027475,0.70981216,1,1
0.0,16.535954,17.0275,0.6612722,1,1
7.220000000000001,16.847647,17.027506,0.72158056,1,1
13.27,17.011763,17.027514,0.76279217,1,1
2.3499999999999996,16.633503,17.027496,0.6626804,1,1
68.95,16.023357,17.027498,0.5523519,0,1
0.0,16.532717,17.027496,0.6555422,1,1
2.87,16.595013,17.027477,0.66382027,0,1
26.68,16.576826,17.02748,0.6809281,0,1
0.0,22.772802,17.027653,0.71843266,0,1
0.0,16.407244,17.027542,0.7052045,0,1
36.34,19.247656,17.02754,0.7032532,1,1
0.0,16.432116,17.027533,0.7253724,0,1
5.890000000000001,16.4986,17.027508,0.6865001,1,1
85.27,16.586897,17.02752,0.69140255,1,1
5.32,16.935944,17.02753,0.6979947,1,1
0.0,14.552402,17.027514,0.61143255,1,1
9.02,18.416428,17.027487,0.74932516,0,1
60.55,20.401245,17.027485,0.69648963,1,1
0.0,19.626959,17.02754,0.67226636,1,1
3.6399999999999997,16.432116,17.027494,0.68480825,1,1
23.19,17.930702,17.027481,0.7001812,1,1
2.7199999999999998,16.632265,17.027498,0.7291415,0,1
3.79,16.381172,17.027496,0.6999245,0,1
0.0,16.845242,17.027548,0.70474374,1,1
0.0,18.573875,17.027508,0.7663067,1,1
2.26,15.916209,17.027468,0.6704965,1,1
10.75,16.696285,17.027493,0.67926526,1,1
50.56,18.78479,17.02748,0.6806878,1,1
0.0,15.77148,17.027481,0.6680169,0,1
0.0,16.016994,17.02749,0.68578124,0,1
10.7,15.749768,17.027487,0.66140985,1,1
37.31,18.698277,17.027504,0.65930897,1,1
0.0,16.897635,17.027485,0.7162174,1,1
8.5,15.919835,17.02747,0.693649,0,1
100.18,21.39141,17.027958,0.85644776,1,1
20.86,17.483692,17.02761,0.69755566,1,1
97.25,16.357105,17.027538,0.67904377,1,1
14.98,15.91945,17.027548,0.68341416,1,1
18.78,17.992378,17.027506,0.74156135,1,1
144.23,17.508705,17.027496,0.63976544,1,1
4.94,16.033072,17.027489,0.6391421,0,1
6.130000000000001,16.53642,17.027473,0.7165104,1,1
0.0,16.655394,17.027494,0.69517356,1,1
72.22,16.238317,17.02748,0.68342626,1,1
0.0,16.413929,17.027504,0.68884426,0,1
42.21,17.444244,17.027521,0.6632029,1,1
0.0,17.534676,17.027489,0.69512534,1,1
30.75,16.546038,17.027548,0.59849995,1,1
3.7800000000000002,16.4986,17.027508,0.7182563,0,1
154.39,14.06035,17.0275,0.6878831,1,1
5.960000000000001,16.687498,17.027494,0.64464253,1,1
17.14,16.404856,17.027485,0.6902249,1,1
0.0,17.334473,17.027483,0.7034969,0,1
9.07,16.604034,17.027498,0.67921543,1,1
28.03,21.520264,17.027502,0.77391523,1,1
1.5700000000000003,14.21595,17.027527,0.6697681,1,1
2.3499999999999996,16.469355,17.027515,0.6960912,0,1
12.08,17.661833,17.027584,0.7183027,0,1
35.63,16.438707,17.027544,0.67225796,1,1
11.5,17.008139,17.027576,0.6908042,1,1
32.77,16.533451,17.027523,0.6726878,0,1
0.0,20.206413,17.027508,0.70517087,0,1
0.98,16.338655,17.027523,0.6076511,1,1
0.0,19.350956,17.027502,0.8012365,0,1
67.05,16.2155,17.027504,0.6191538,1,1
48.73,16.945843,17.027557,0.75174415,0,1
4.78,16.596796,17.02755,0.6925892,0,1
0.0,16.885,17.027514,0.6820476,1,1
0.0,16.18468,17.027542,0.615469,0,1
153.2,17.065943,17.027534,0.80687124,1,1
0.0,17.036545,17.02752,0.72132254,1,1
1.2999999999999998,16.83384,17.027475,0.7021756,0,1
87.68,16.668802,17.027584,0.69778293,1,1
5.550000000000001,18.682428,17.02754,0.78638875,0,1
19.57,17.162745,17.027542,0.6788529,1,1
12.96,14.929603,17.027512,0.73992246,1,1
0.0,16.394075,17.02749,0.7253448,0,1
0.4900000000000002,16.397146,17.027462,0.68668747,1,1
0.0,16.589289,17.027466,0.68659425,0,1
0.0,16.239292,17.027468,0.7696845,0,1
24.67,15.938853,17.027464,0.6989465,1,1
0.08999999999999986,17.26858,17.02746,0.70344645,0,1
13.940000000000001,20.070084,17.027464,0.61713684,1,1
14.59,17.514576,17.027493,0.75014323,1,1
0.0,16.346203,17.02749,0.6518491,1,1
0.0,15.672597,17.027466,0.59644276,1,1
0.0,16.245886,17.02746,0.69259983,0,1
8.91,16.263145,17.027498,0.6539126,0,1
0.0,16.28864,17.027529,0.64885896,0,1
0.0,15.93247,17.027508,0.6840819,0,1
13.780000000000001,16.15599,17.02749,0.6716393,0,1
0.0,17.444191,17.027496,0.75090885,1,1
0.0,16.306458,17.027472,0.58656263,0,1
3.8099999999999996,16.845242,17.027525,0.68039435,1,1
214.97,14.451616,17.027515,0.6882215,1,1
4.77,17.036545,17.02754,0.68047696,0,1
18.55,16.535954,17.027515,0.665987,0,1
0.0,17.036545,17.0275,0.678082,1,1
0.7799999999999998,20.244183,17.027489,0.77989423,0,1
21.17,16.332159,17.027496,0.6243314,0,1
0.14000000000000012,18.097458,17.027464,0.68004125,0,1
27.44,16.420456,17.027493,0.68706334,1,1
9.06,16.078863,17.02751,0.6470332,0,1
0.0,16.70501,17.027525,0.66255546,0,1
3.83,16.550228,17.027493,0.6554333,1,1
4.01,17.213257,17.027517,0.6963801,0,1
3.6100000000000003,16.563364,17.027613,0.6990701,0,1
5.5600000000000005,14.439866,17.027607,0.6935977,1,1
0.0,17.76009,17.027544,0.6984284,1,1
45.22,16.800457,17.027542,0.6551793,1,1
11.49,15.995413,17.02753,0.64277357,1,1
26.71,15.297957,17.02752,0.7412161,1,1
30.96,16.336388,17.027514,0.68783885,1,1
0.0,17.046629,17.02754,0.679411,0,1
101.15,16.008646,17.027515,0.58215135,1,1
8.19,16.542112,17.027515,0.7338822,0,1
2.3499999999999996,16.596981,17.027554,0.6819893,0,1
5.449999999999999,16.863762,17.027546,0.7084259,1,1
13.510000000000002,16.060263,17.027521,0.72654766,1,1
0.0,17.03673,17.027538,0.69993937,1,1
0.0,19.036243,17.027506,0.7699207,1,1
2.2699999999999996,15.99448,17.027494,0.71915895,1,1
3.63,16.259285,17.027496,0.73015136,0,1
3.34,16.89749,17.027496,0.7235438,1,1
37.14,16.287374,17.02749,0.72161096,1,1
0.0,17.489891,17.027485,0.72315896,0,1
18.88,17.89029,17.027462,0.7391102,1,1
0.0,16.491169,17.027483,0.71113306,0,1
0.0,16.89116,17.02748,0.75408924,0,1
56.3,15.779215,17.027487,0.6828376,1,1
14.190000000000001,15.951315,17.027512,0.5925829,0,1
88.95,26.46716,17.027493,0.78271437,1,1
0.0,15.818077,17.027575,0.67866355,1,1
9.46,16.028189,17.02752,0.6639263,0,1
3.7800000000000002,17.31428,17.027473,0.6934351,0,1
0.0,15.622858,17.02749,0.67490745,0,1
0.0,16.393349,17.02747,0.66882503,1,1
6.17,16.174587,17.027447,0.7009128,0,1
0.0,16.052366,17.027493,0.68583477,1,1
10.77,15.9994755,17.02748,0.62913096,1,1
156.84,17.438908,17.027468,0.6556331,1,1
0.0,16.052366,17.027508,0.64260066,1,1
2.45,16.118145,17.027517,0.6749444,1,1
7.07,17.073666,17.027607,0.67493415,0,1
4.6,19.358105,17.027534,0.66339076,0,1
29.58,16.616713,17.027521,0.69337285,1,1
0.0,15.346493,17.027514,0.7038866,0,1
9.36,16.3731,17.027521,0.6468657,1,1
24.18,16.654066,17.027542,0.68933207,1,1
3.8499999999999996,16.56577,17.02753,0.6673167,1,1
3.26,16.486261,17.027561,0.5762905,1,1
0.0,16.463772,17.02753,0.68713987,1,1
9.45,14.627028,17.02755,0.6088481,0,1
11.31,16.797277,17.027521,0.7202852,1,1
0.0,18.749956,17.027525,0.81140184,1,1
3.7199999999999998,16.453815,17.027514,0.68493766,0,1
165.46,16.749514,17.027576,0.75344336,1,1
1.54,15.88572,17.027523,0.6996658,1,1
5.720000000000001,16.402872,17.027498,0.7139964,1,1
0.0,16.336388,17.027508,0.6908159,0,1
0.0,16.387331,17.027481,0.70670575,1,1
38.39,16.013376,17.02746,0.6752074,1,1
2.5999999999999996,13.764334,17.027504,0.7150423,0,1
14.879999999999999,16.174587,17.027512,0.6932195,0,1
4.12,16.694311,17.027496,0.68513596,1,1
2.3899999999999997,17.392208,17.027498,0.6798942,1,1
0.0,16.257824,17.027494,0.683766,0,1
101.85,16.253414,17.02748,0.7664015,1,1
140.08,15.9597225,17.027494,0.6653997,1,1
4.24,16.874748,17.027466,0.6795209,0,1
38.85,16.205414,17.027483,0.6802873,1,1
9.06,15.9597225,17.027494,0.69429207,1,1
24.23,18.869461,17.027462,0.70072186,1,1
5.0600000000000005,16.052366,17.027514,0.6771915,1,1
6.279999999999999,16.308767,17.02749,0.6975186,0,1
2.8899999999999997,14.568558,17.027464,0.69878465,1,1
23.55,17.25279,17.027514,0.6899015,1,1
0.0,17.787954,17.027514,0.69714934,1,1
6.75,17.843628,17.027601,0.6879934,0,1
8.79,16.68815,17.027552,0.67997336,1,1
25.93,16.035118,17.027525,0.6145271,0,1
0.0,16.637686,17.027523,0.68708205,1,1
9.89,16.278204,17.027485,0.68443924,1,1
2.37,15.52872,17.027512,0.6966676,1,1
0.0,16.312117,17.027565,0.5583056,1,1
20.97,16.387331,17.027508,0.6280246,1,1
0.0,16.901058,17.02756,0.7054834,1,1
0.0,16.532902,17.027534,0.6795637,0,1
0.9700000000000002,16.542112,17.027529,0.64180624,1,1
0.0,16.550228,17.027515,0.6726038,1,1
118.68,16.719204,17.027576,0.74091774,1,1
2.24,16.887516,17.02764,0.65762055,1,1
0.16999999999999993,16.488667,17.027544,0.68047357,1,1
10.77,17.270842,17.027618,0.82075834,1,1
0.0,16.616713,17.027521,0.68872374,1,1
3.46,16.192413,17.027508,0.61393243,0,1
7.4399999999999995,16.969385,17.027533,0.6732625,0,1
1.2300000000000004,17.652788,17.027504,0.6680808,0,1
26.59,14.0662155,17.027508,0.7125784,1,1
5.869999999999999,16.236431,17.027506,0.70112574,0,1
2.1500000000000004,16.402872,17.027494,0.65529376,0,1
0.0,18.680439,17.02751,0.75394535,1,1
0.0,16.687683,17.027523,0.6707398,0,1
33.11,16.402346,17.027498,0.6043797,1,1
7.369999999999999,16.487932,17.027483,0.73853236,0,1
0.0,18.894957,17.027554,0.7481033,1,1
0.0,16.559776,17.027523,0.6801974,1,1
12.78,16.22089,17.027498,0.7115606,0,1
4.97,16.542112,17.027502,0.73710006,1,1
6.18,17.61452,17.027464,0.71254355,1,1
3.26,15.877983,17.02749,0.5332809,1,1
0.0,16.291,17.027489,0.6582571,0,1
0.0,16.228508,17.027498,0.68987834,0,1
0.52,17.392208,17.02747,0.68005514,0,1
0.0,13.360334,17.027454,0.6998899,1,1
0.0,16.153986,17.027493,0.6889646,1,1
0.0,18.552113,17.02748,0.72790533,1,1
4.0,15.784349,17.027506,0.65940464,0,1
12.05,15.558891,17.027521,0.625918,1,1
16.69,15.54272,17.027485,0.6424229,0,1
24.24,15.988288,17.02751,0.6716533,1,1
6.8100000000000005,16.128973,17.027489,0.7006038,1,1
5.02,15.561295,17.027485,0.66241795,0,1
7.800000000000001,15.938507,17.027512,0.6640632,0,1
9.23,15.900822,17.027544,0.65469474,1,1
8.94,16.284641,17.027521,0.489891,0,0
1.1100000000000003,17.350523,17.027498,0.7370677,0,1
1.12,19.52829,17.027517,0.6705687,0,1
0.0,16.14259,17.027489,0.6770663,1,1
9.69,15.9260435,17.027506,0.6624301,0,1
10.77,16.769588,17.027582,0.6911879,0,1
0.0,16.91998,17.027534,0.6813545,1,1
0.0,17.118635,17.027617,0.67160034,1,1
24.38,16.205307,17.02756,0.7029137,1,1
0.0,16.552011,17.027575,0.6728376,1,1
6.199999999999999,21.109509,17.027552,0.69150585,1,1
172.29,16.667248,17.027569,0.7134496,1,1
0.0,16.095081,17.027546,0.65120053,0,1
6.039999999999999,17.081175,17.027498,0.70961064,1,1
3.9400000000000004,19.33882,17.027506,0.7169881,1,1
6.42,16.14147,17.027514,0.6238616,1,1
12.66,17.777416,17.027508,0.6788023,0,1
0.0,16.65083,17.02753,0.67024887,1,1
130.67,17.730717,17.027538,0.6475554,1,1
17.83,19.466757,17.02752,0.6767859,1,1
38.5,16.70501,17.027563,0.63694227,1,1
2.33,17.823017,17.027523,0.66026276,1,1
60.82,17.213257,17.027512,0.72624177,0,1
31.759999999999998,16.095081,17.027538,0.65957344,0,1
20.45,16.233856,17.027548,0.68912655,0,1
0.0,16.642714,17.027525,0.69595605,0,1
35.24,14.327914,17.02752,0.7011892,1,1
0.0,16.318201,17.027517,0.7309335,1,1
0.0,16.802862,17.027493,0.7339522,0,1
0.0,16.624018,17.027555,0.7383453,0,1
48.28,16.618668,17.0276,0.76970756,0,1
0.0,16.487932,17.027529,0.7413993,1,1
24.64,16.225557,17.027475,0.7329439,1,1
5.460000000000001,16.453815,17.027481,0.7405417,0,1
0.0,16.315796,17.027538,0.7124334,0,1
15.829999999999998,15.829909,17.027533,0.63054556,0,1
0.0,15.988288,17.027515,0.70218503,1,1
15.510000000000002,15.850556,17.027473,0.6794195,0,1
0.0,16.197937,17.027521,0.6260186,0,1
22.25,16.187197,17.027563,0.69655514,0,1
7.630000000000001,19.981678,17.027504,0.707555,1,1
15.23,15.824104,17.027502,0.63288707,0,1
20.84,17.579624,17.027483,0.6689651,0,1
18.2,16.694311,17.0275,0.7377912,1,1
0.0,15.70097,17.027487,0.65998876,1,1
32.23,18.992723,17.027483,0.68491954,1,1
0.0,16.068647,17.027512,0.68124235,0,1
8.91,16.300694,17.027485,0.62161154,1,1
0.0,15.546106,17.027496,0.6710301,1,1
5.539999999999999,16.284641,17.027477,0.705218,0,1
2.55,16.076105,17.027481,0.67262435,0,1
1.3899999999999997,16.80669,17.027483,0.6368199,1,1
0.0,16.033257,17.027502,0.70170015,1,1
0.0,16.364117,17.027504,0.70010597,1,1
0.0,21.527544,17.027462,0.65294147,1,1
0.0,16.802862,17.02751,0.52169484,0,1
2.87,16.736378,17.027487,0.6716707,1,1
9.82,16.382002,17.027489,0.6667338,1,1
18.74,18.115396,17.027498,0.66751057,0,1
0.0,17.026474,17.027496,0.6928026,1,1
1.0300000000000002,13.048231,17.027493,0.61044514,0,1
0.0,22.07476,17.027544,0.78340137,0,1
0.0,15.649656,17.027512,0.6624501,1,1
1.37,17.03673,17.027542,0.70301855,1,1
7.24,16.542112,17.027512,0.67403847,0,1
0.0,17.768738,17.0275,0.5790471,1,1
19.55,13.497024,17.027473,0.70836866,0,1
4.86,16.487932,17.027487,0.7019137,1,1
2.7,16.375671,17.027496,0.6571353,1,1
0.54,19.96591,17.027517,0.6852871,1,1
37.36,16.221659,17.027515,0.6672499,1,1
14.170000000000002,17.689949,17.02754,0.78320074,0,1
3.79,16.89116,17.027546,0.70244837,1,1
5.890000000000001,17.584478,17.027512,0.66634387,0,1
49.47,20.624897,17.027477,0.6952527,1,1
0.0,15.720267,17.027506,0.68041646,0,1
18.99,15.733893,17.027523,0.623301,1,1
0.0,16.029016,17.027489,0.7016269,0,1
10.52,13.965416,17.027517,0.70036155,0,1
0.0,16.052366,17.027527,0.68125725,1,1
0.0,16.079567,17.027475,0.6973422,1,1
44.68,15.950509,17.027456,0.6458905,1,1
72.72,16.018372,17.027487,0.67378134,1,1
2.2300000000000004,15.908777,17.027489,0.6665022,0,1
2.4800000000000004,17.46392,17.027475,0.6809287,1,1
1.2699999999999996,17.24854,17.027536,0.6810423,1,1
0.0,15.640406,17.027538,0.67995876,0,1
12.03,16.723055,17.027481,0.8079037,1,1
0.0,15.951767,17.027517,0.6761588,0,1
85.27,20.591152,17.027842,0.82250834,1,1
1.37,16.910559,17.027672,0.808541,1,1
0.33000000000000007,16.34057,17.027582,0.6822528,1,1
0.0,17.075615,17.027561,0.67611927,1,1
0.0,15.611562,17.027542,0.6543466,0,1
0.0,18.14662,17.027533,0.7306922,0,1
2.7199999999999998,16.599386,17.027533,0.6819656,1,1
1.42,17.926565,17.02754,0.76262605,1,1
0.0,16.136219,17.027508,0.67710704,0,1
38.65,16.603012,17.027555,0.6420332,1,1
12.14,19.76746,17.02756,0.6889244,1,1
8.98,16.569395,17.02756,0.62665707,0,1
0.0,17.024254,17.027565,0.6722896,0,1
5.93,16.42457,17.027538,0.6802413,0,1
36.03,16.881088,17.027546,0.62049305,1,1
66.96,21.413754,17.027992,0.8619269,1,1
73.43,16.642714,17.027712,0.68411976,1,1
0.0,14.8132925,17.02761,0.7039795,0,1
0.0,17.61452,17.027555,0.6313805,0,1
0.9100000000000001,16.387331,17.027538,0.6852324,1,1
0.0,12.200599,17.02757,0.6312581,0,1
0.6499999999999999,16.457441,17.027534,0.7086963,0,1
21.91,16.751919,17.027521,0.71265435,1,1
0.0,16.685434,17.02752,0.6832078,0,1
1.6900000000000004,16.542112,17.027508,0.7204489,1,1
6.890000000000001,16.402872,17.027506,0.70052606,0,1
4.73,16.379597,17.027725,0.7361484,1,1
0.14000000000000012,16.290085,17.027578,0.698411,0,1
121.53,15.77545,17.02753,0.52510375,1,1
12.04,16.694311,17.027527,0.77111405,1,1
0.0,16.224974,17.02758,0.72136575,1,1
0.0,17.298687,17.027863,0.8391304,1,1
8.62,16.195457,17.027594,0.6741821,1,1
0.0,15.551322,17.027693,0.68495095,0,1
25.8,15.684257,17.027645,0.6519829,1,1
0.0,15.962532,17.027548,0.6934413,1,1
0.0,16.269499,17.027529,0.76209486,1,1
0.0,16.110786,17.027475,0.6416951,0,1
2.4299999999999997,16.15987,17.027494,0.69599557,1,1
6.85,15.991523,17.027489,0.6970666,1,1
0.0,17.522774,17.027523,0.7986009,0,1
0.0,16.303217,17.027475,0.6695076,1,1
1.8899999999999997,15.9606085,17.02748,0.596716,0,1
16.92,16.033257,17.027485,0.6990103,1,1
0.0,17.940342,17.02751,0.6619956,1,1
0.0,14.618522,17.02747,0.69707894,1,1
0.0,16.30266,17.027487,0.6889557,0,1
232.7,17.936861,17.027466,0.6197915,1,1
1.8200000000000003,13.091216,17.02748,0.72135127,0,1
83.3,16.701796,17.027866,0.7138722,1,1
23.68,14.654066,17.027845,0.64751595,1,1
13.0,17.841894,17.027676,0.74820495,0,1
16.65,16.387331,17.027557,0.71127504,1,1
1.0999999999999996,16.531378,17.027563,0.63845754,1,1
0.0,17.336746,17.02754,0.7573852,0,1
7.99,16.30266,17.027515,0.6719611,0,1
0.73,21.449575,17.027573,0.65474576,0,1
0.9300000000000002,17.932346,17.027544,0.72022456,1,1
1.4400000000000004,16.616713,17.02751,0.6840819,0,1
181.31,13.952865,17.027515,0.71091825,1,1
0.0,16.487932,17.027515,0.70824546,1,1
7.720000000000001,17.85219,17.027494,0.68898904,1,1
0.0,16.542112,17.027523,0.6991041,1,1
30.25,16.029516,17.02752,0.5756757,1,1
26.34,16.336388,17.027521,0.70557725,1,1
25.4,16.642714,17.027525,0.7026793,1,1
5.4399999999999995,16.400467,17.027527,0.7248682,0,1
83.42,15.99448,17.027542,0.694905,1,1
0.0,19.793007,17.027529,0.74195546,1,1
73.36,16.4699,17.0275,0.7248983,0,1
2.26,16.128962,17.027542,0.77913356,1,1
5.050000000000001,12.59909,17.027517,0.5320436,1,1
0.0,16.402872,17.02749,0.67147577,1,1
167.77,16.30266,17.027489,0.72596574,1,1
12.21,14.7485,17.02751,0.72487026,0,1
27.09,18.615536,17.027514,0.6322455,1,1
0.0,15.62932,17.02753,0.6634752,0,1
8.34,15.848919,17.027466,0.6485852,1,1
18.4,15.962432,17.02747,0.65108186,0,1
5.449999999999999,16.28864,17.027498,0.6525303,1,1
0.0,14.242122,17.027525,0.67419535,1,1
0.0,15.24565,17.027506,0.6729548,1,1
32.78,15.564862,17.027481,0.62627107,1,1
59.57,15.9597225,17.027508,0.6761737,1,1
38.39,15.77764,17.027517,0.6715008,1,1
13.719999999999999,15.80494,17.027504,0.6749266,1,1
3.2699999999999996,19.059244,17.0275,0.6874026,0,1
0.0,13.639622,17.027525,0.6956392,1,1
2.29,16.18693,17.02749,0.7576767,0,1
3.92,17.400143,17.028337,0.71569693,1,1
0.0,17.47418,17.027933,0.6580224,0,1
27.46,15.410427,17.027658,0.58118266,1,1
16.25,19.664803,17.027575,0.66478634,1,1
30.299999999999997,16.243874,17.027586,0.71263075,0,1
0.0,15.9597225,17.027552,0.6721338,1,1
1.4100000000000001,15.887686,17.02751,0.6757093,0,1
5.41,16.54258,17.027502,0.6767551,0,1
0.0,16.016743,17.02748,0.6528665,0,1
0.0,16.188038,17.027483,0.6937481,1,1
0.0,15.954171,17.027498,0.6484092,1,1
4.63,16.111715,17.027506,0.5829682,0,1
9.07,16.193533,17.02749,0.6966672,1,1
22.98,16.042467,17.027512,0.7184848,0,1
170.28,19.452799,17.027477,0.68404585,1,1
8.76,16.656908,17.027576,0.69621474,1,1
13.379999999999999,17.76866,17.027565,0.66325945,1,1
68.19,16.329336,17.027515,0.69014937,1,1
5.26,16.642714,17.027529,0.6347663,1,1
3.3600000000000003,16.685434,17.027517,0.69321966,0,1
23.42,17.270262,17.02752,0.74757355,1,1
5.18,16.396755,17.027542,0.7101753,0,1
0.0,17.777416,17.027525,0.6824492,0,1
8.37,16.616713,17.027521,0.67370325,1,1
0.0,17.054056,17.02753,0.69366854,0,1
0.75,17.054056,17.027538,0.65164286,1,1
28.39,20.211721,17.027529,0.6706024,1,1
88.05,18.696302,17.027506,0.69100386,1,1
0.0,17.873476,17.027555,0.67624235,0,1
6.93,16.22316,17.027517,0.59820724,0,1
98.9,16.887516,17.027588,0.6432217,1,1
21.11,17.054056,17.027573,0.67308724,1,1
6.960000000000001,16.65083,17.02751,0.66493464,1,1
0.0,16.99176,17.027554,0.6876595,0,1
0.0,18.899757,17.027493,0.76439065,0,1
0.0,16.387331,17.027502,0.7222132,0,1
29.75,16.25524,17.027512,0.58808106,0,1
10.28,16.387331,17.027515,0.7356769,1,1
0.0,17.086073,17.027498,0.6959676,1,1
22.15,14.418614,17.02748,0.71983635,0,1
0.0,16.546915,17.027601,0.7614377,1,1
3.24,18.285908,17.027502,0.7369123,0,1
8.06,16.174614,17.027489,0.69627327,1,1
6.289999999999999,16.685434,17.027489,0.75333905,1,1
0.10000000000000009,16.362423,17.027489,0.70783967,0,1
0.0,12.224555,17.027561,0.6414719,1,1
0.0,16.195457,17.027483,0.67833084,0,1
16.1,14.228985,17.027504,0.67579824,1,1
11.22,15.412091,17.027533,0.6367931,0,1
12.47,17.438908,17.027489,0.6867889,1,1
1.1799999999999997,19.009497,17.027527,0.6916384,1,1
6.140000000000001,17.114874,17.027493,0.6841866,0,1
0.0,15.787594,17.02752,0.6259137,0,1
0.0,16.392683,17.027493,0.68055385,1,1
32.6,15.962532,17.02748,0.7076505,1,1
71.0,15.413583,17.027508,0.7487632,1,1
8.9,16.47802,17.027473,0.7155877,1,1
0.0,16.143068,17.027487,0.64379406,1,1
4.32,14.451104,17.027472,0.7017463,1,1
64.18,15.239963,17.027493,0.6336502,1,1
7.15,16.72495,17.027525,0.67441255,0,1
4.93,15.824104,17.027504,0.70125896,1,1
1.7300000000000004,14.535776,17.027477,0.69937795,1,1
12.17,15.702814,17.027508,0.6684366,0,1
26.16,16.165197,17.027525,0.66382205,0,1
0.0,17.223795,17.02749,0.67160255,0,1
0.0,16.205175,17.027502,0.72962034,1,1
18.31,15.884127,17.027493,0.5658097,0,1
0.0,15.867096,17.027538,0.71224785,0,1
29.020000000000003,16.696285,17.027514,0.71217835,0,1
9.14,19.010176,17.027573,0.6903073,1,1
0.0,16.369144,17.027555,0.65926105,1,1
17.57,17.720505,17.027508,0.7165592,1,1
0.0,16.22089,17.027504,0.68647534,1,1
0.0,16.774323,17.027542,0.73427075,0,1
7.960000000000001,17.436264,17.0275,0.7582356,1,1
0.0,16.56577,17.0275,0.68263155,1,1
0.2999999999999998,16.679285,17.027494,0.6658225,1,1
0.0,19.967081,17.027489,0.70351386,0,1
221.75,16.729786,17.027514,0.705944,1,1
43.83,16.999876,17.027496,0.7074147,1,1
10.01,16.56577,17.027515,0.66837704,1,1
0.0,16.965376,17.02762,0.7566092,0,1
27.11,16.616713,17.027557,0.678117,1,1
0.0,16.80561,17.027576,0.69962966,1,1
10.56,16.550228,17.027542,0.633232,1,1
15.45,16.651228,17.027557,0.75147045,0,1
20.61,17.954212,17.027554,0.653479,0,1
8.76,16.491169,17.027542,0.6715961,1,1
30.409999999999997,16.402872,17.027521,0.6811187,1,1
0.4900000000000002,20.432407,17.027527,0.70317394,0,1
4.5,16.701878,17.027744,0.698378,0,1
4.07,16.599386,17.027596,0.7049096,0,1
6.43,16.45141,17.027575,0.70834863,0,1
11.19,16.169947,17.027504,0.7170922,0,1
47.93,16.336388,17.027498,0.7212106,1,1
58.21,16.487932,17.027498,0.71096444,1,1
0.0,16.552011,17.027533,0.70740813,0,1
101.71,16.802862,17.027496,0.7269256,1,1
14.370000000000001,18.201237,17.027498,0.72735137,0,1
0.0,14.057008,17.02748,0.70441455,0,1
3.29,16.633286,17.02749,0.6483046,0,1
230.78,15.620313,17.027498,0.6645644,1,1
99.6,19.76894,17.027475,0.7411912,1,1
0.0,21.152441,17.027489,0.74064845,0,1
16.18,15.72107,17.027472,0.64257663,1,1
63.870000000000005,16.352362,17.027477,0.69580126,1,1
63.650000000000006,15.595437,17.027508,0.6420402,1,1
78.21,15.521432,17.027502,0.6518422,1,1
4.66,17.208662,17.027493,0.6312113,0,1
7.6899999999999995,16.308767,17.027489,0.65548825,0,1
0.0,15.869022,17.02751,0.6816764,0,1
6.76,16.111763,17.027472,0.6818396,1,1
12.24,16.233171,17.027517,0.6848458,1,1
14.8,15.988288,17.027514,0.6725496,1,1
22.33,16.370544,17.02761,0.7008366,1,1
0.0,16.546984,17.027624,0.7321446,1,1
0.0,16.23754,17.027544,0.6575586,0,1
0.0,15.887686,17.027496,0.65842766,0,1
0.0,15.989452,17.02755,0.6722185,1,1
0.0,16.624443,17.02755,0.5999904,0,1
8.43,17.356567,17.027523,0.6528359,0,1
2.55,24.384272,17.027536,0.6517977,1,1
0.0,17.471746,17.027529,0.695076,1,1
12.6,17.129137,17.02753,0.69950724,0,1
0.0,17.156816,17.027538,0.6773476,1,1
0.0,17.471746,17.027514,0.65606415,0,1
12.9,19.33417,17.0275,0.76350075,1,1
92.97,18.528965,17.027493,0.741285,1,1
0.0,17.220896,17.027523,0.63660383,1,1
0.0,17.405262,17.027496,0.6520639,0,1
2.51,25.373219,17.028183,0.82760996,1,1
24.85,17.566374,17.027767,0.678597,0,1
0.0,17.32295,17.027637,0.64691234,1,1
21.8,16.887,17.027609,0.64888644,1,1
34.7,17.410648,17.027575,0.7039877,1,1
37.67,17.882141,17.027527,0.6928026,1,1
2.1799999999999997,16.663364,17.027557,0.6906758,1,1
3.5599999999999996,17.210997,17.027504,0.68032664,0,1
0.73,17.302387,17.02754,0.70469445,1,1
87.0,16.6984,17.02754,0.62633866,1,1
0.0,17.505863,17.027529,0.6993727,0,1
8.5,17.903746,17.027542,0.65201575,0,1
12.08,17.830122,17.027506,0.5905863,0,1
0.0,17.405262,17.027523,0.71239185,0,1
30.450000000000003,17.076128,17.027521,0.6746353,1,1
0.0,17.220896,17.02756,0.71238047,0,1
6.720000000000001,17.305624,17.027538,0.7217714,1,1
12.06,17.376722,17.027533,0.75987065,0,1
21.18,17.311598,17.02753,0.74251676,0,1
48.1,17.239386,17.027523,0.70847285,1,1
0.0,17.156816,17.02753,0.70535773,1,1
0.0,17.1227,17.0275,0.69187415,0,1
23.88,20.325802,17.02752,0.7281233,1,1
0.0,17.787954,17.027496,0.69048864,0,1
0.0,16.62359,17.027483,0.6889646,1,1
0.0,13.844112,17.02748,0.6319255,0,1
21.89,15.9597225,17.027494,0.6661284,0,1
2.2199999999999998,16.637686,17.027529,0.66261315,0,1
6.609999999999999,15.17638,17.027527,0.62567645,1,1
0.6200000000000001,14.484831,17.027493,0.6968823,1,1
0.0,15.654039,17.027485,0.6736956,1,1
2.7,15.63927,17.027502,0.6077163,0,1
10.86,17.562422,17.027527,0.63246566,1,1
3.5199999999999996,15.933997,17.027496,0.6839591,0,1
44.01,15.230009,17.027504,0.6295116,1,1
12.49,15.82048,17.027489,0.67407197,1,1
0.0,16.195457,17.027472,0.69299144,0,1
9.42,19.225645,17.02748,0.68831265,1,1
16.89,16.22726,17.027506,0.66489923,1,1
0.0,15.843883,17.027536,0.6743233,1,1
25.69,15.753316,17.027498,0.6559582,1,1
35.02,15.951767,17.027546,0.6717212,1,1
29.71,15.665974,17.027607,0.6850749,1,1
39.14,18.9345,17.027542,0.6986747,1,1
0.08999999999999986,17.886162,17.027542,0.7774789,0,1
0.0,16.62725,17.02754,0.63567996,1,1
5.710000000000001,16.188038,17.027529,0.6650615,1,1
5.470000000000001,14.1853285,17.027523,0.77771115,0,1
11.62,16.958956,17.027565,0.6694554,1,1
25.09,18.06829,17.02755,0.6870417,1,1
11.45,17.071756,17.027544,0.6551541,1,1
24.75,17.5091,17.02755,0.6484189,1,1
0.0,17.719244,17.027504,0.68184143,1,1
5.34,17.26827,17.027525,0.6756919,1,1
2.4699999999999998,17.475372,17.027563,0.6502318,0,1
3.49,17.071756,17.027534,0.6667338,1,1
17.28,16.6984,17.02753,0.6000259,0,1
18.95,17.219112,17.027496,0.70362526,1,1
4.5,17.32295,17.02752,0.69901836,0,1
86.8,17.147577,17.027538,0.6347449,1,1
10.66,17.232248,17.027655,0.7421837,1,1
0.0,17.5837,17.02759,0.69971913,0,1
0.0,13.856882,17.027563,0.6409402,1,1
53.48,17.057339,17.027552,0.68008435,1,1
17.82,17.057774,17.027555,0.660255,1,1
7.640000000000001,16.956259,17.027561,0.7152677,1,1
6.3100000000000005,17.056215,17.027508,0.7286006,0,1
31.04,17.210997,17.02752,0.70089227,1,1
4.15,17.469341,17.02757,0.686922,1,1
15.120000000000001,16.987085,17.027517,0.6808261,1,1
6.380000000000001,18.283403,17.027508,0.683054,0,1
0.0,17.056215,17.02749,0.6975772,1,1
6.27,13.562769,17.027575,0.6309501,1,1
0.0,17.418398,17.027609,0.7703806,1,1
6.91,17.317402,17.02757,0.7512724,1,1
52.56,16.195457,17.027527,0.65751034,1,1
5.300000000000001,15.793282,17.027544,0.69016385,0,1
37.84,16.168743,17.027508,0.7574907,1,1
0.6299999999999999,16.224974,17.027618,0.67680043,0,1
7.25,17.114874,17.027533,0.6841332,1,1
8.36,14.096553,17.02759,0.6687125,0,1
48.46,15.796708,17.027552,0.596295,1,1
1.4100000000000001,15.988288,17.027527,0.73634577,1,1
3.1500000000000004,15.719977,17.02752,0.72691625,1,1
18.38,15.871426,17.027508,0.6898315,1,1
2.01,15.786753,17.027512,0.6825053,0,1
0.0,17.725195,17.027496,0.69121504,1,1
8.3,16.103367,17.02751,0.61939603,1,1
40.65,16.492115,17.027554,0.657789,1,1
25.71,16.283176,17.027546,0.61731935,0,1
0.0,16.193083,17.027569,0.7060579,1,1
11.3,18.749226,17.027521,0.705414,0,1
0.0,17.201786,17.027498,0.6869679,1,1
1.54,15.386614,17.027498,0.6092773,1,1
10.41,17.071756,17.027496,0.6823766,0,1
0.040000000000000036,18.06829,17.0275,0.6762154,1,1
0.0,17.405262,17.027523,0.70044726,1,1
0.0,16.925661,17.02754,0.6498322,0,1
0.0,16.953854,17.027523,0.6215112,0,1
19.37,21.127106,17.027506,0.70713675,0,1
56.05,18.4463,17.027508,0.65772516,1,1
40.18,17.823542,17.027552,0.72489595,1,1
16.31,17.4558,17.027624,0.68680316,0,1
0.0,17.620066,17.027542,0.6509689,1,1
5.07,13.538345,17.027523,0.6727487,1,1
3.91,17.042511,17.02754,0.70589256,0,1
2.2199999999999998,17.32295,17.027552,0.66478497,0,1
7.199999999999999,18.783026,17.027546,0.6418026,0,1
2.6500000000000004,17.60137,17.027689,0.7066562,0,1
0.0,21.336552,17.027569,0.6833035,0,1
2.5999999999999996,17.190126,17.027548,0.6813259,0,1
0.0,16.966215,17.027536,0.688943,0,1
0.25,17.5091,17.027601,0.5370541,1,1
0.25,17.1227,17.027538,0.69972044,1,1
15.46,16.729147,17.02753,0.60293865,0,1
22.07,17.071756,17.027521,0.6961646,1,1
0.0,17.220896,17.027529,0.74611074,0,1
18.71,17.069351,17.027565,0.7386849,0,1
6.98,17.160053,17.027565,0.69162124,1,1
2.9400000000000004,14.613635,17.027557,0.6914143,1,1
13.559999999999999,14.000449,17.027517,0.5682298,1,1
82.15,17.120295,17.027597,0.74206704,1,1
0.0,17.220896,17.027601,0.77711934,1,1
2.67,16.663364,17.027544,0.68922937,1,1
0.0,17.210997,17.027514,0.7105312,1,1
6.199999999999999,15.9597225,17.027487,0.6539998,1,1
30.189999999999998,16.152521,17.027515,0.58233434,1,1
24.73,15.361146,17.02753,0.6427187,0,1
2.2199999999999998,16.457891,17.027487,0.7025282,1,1
190.11,16.144514,17.02748,0.6934734,1,1
63.95,16.542395,17.027493,0.64186174,1,1
9.83,16.33465,17.0275,0.6596917,1,1
6.9399999999999995,16.454338,17.027515,0.67484564,0,1
62.08,16.059843,17.027493,0.68987554,1,1
4.12,16.874748,17.027506,0.6611343,1,1
47.62,15.153338,17.027529,0.68474823,1,1
8.23,16.04163,17.027597,0.6886897,0,1
15.61,15.412091,17.027534,0.66298974,0,1
28.2,20.751211,17.027796,0.7554501,0,1
0.0,19.003004,17.027588,0.6973968,1,1
51.82,18.801346,17.027575,0.7155954,1,1
22.95,16.22726,17.027525,0.66098344,1,1
8.55,18.040943,17.027504,0.7210373,1,1
0.0,18.068344,17.027527,0.6560889,1,1
5.369999999999999,19.175228,17.027504,0.6521313,0,1
10.25,18.604322,17.027527,0.66222805,0,1
0.0,17.220953,17.02754,0.7514873,1,1
0.0,17.120295,17.027557,0.64182794,0,1
21.9,19.74655,17.027514,0.6863264,1,1
0.0,17.005272,17.02753,0.65972,0,1
0.0,17.044556,17.027521,0.66105944,1,1
0.0,17.53962,17.027517,0.72792673,0,1
0.0,20.71402,17.02754,0.6680383,0,1
193.67,17.034485,17.027517,0.69944286,1,1
72.72,20.776333,17.0275,0.70189524,1,1
0.0,18.795347,17.027529,0.63376033,0,1
0.0,17.632238,17.027554,0.67265826,0,1
23.09,17.234653,17.02754,0.6629348,1,1
1.7800000000000002,17.63779,17.027578,0.6483751,1,1
13.260000000000002,17.380224,17.027546,0.6874828,1,1
32.28,17.5837,17.02756,0.6640078,0,1
0.0,19.310886,17.027542,0.71405005,0,1
0.0,17.239025,17.02753,0.68548214,0,1
0.0,15.086264,17.027493,0.7472455,0,1
37.91,17.1836,17.027517,0.66891265,1,1
5.52,15.036555,17.027506,0.6656908,1,1
4.35,18.740356,17.027529,0.6660199,0,1
18.23,21.00002,17.027525,0.6555117,1,1
6.52,17.471746,17.027542,0.6765206,1,1
0.9500000000000002,17.160053,17.027546,0.6638687,1,1
3.1500000000000004,18.428974,17.027529,0.6781097,1,1
4.19,17.560043,17.027542,0.6865465,1,1
20.73,19.138779,17.027548,0.75280493,1,1
32.21,16.86942,17.027557,0.53508025,1,1
0.0,17.38689,17.027502,0.7324672,1,1
20.01,16.578693,17.027508,0.676123,1,1
10.56,16.9206,17.027512,0.6944495,0,1
77.73,17.777676,17.027536,0.79377234,1,1
19.11,17.354319,17.027521,0.71948814,1,1
10.34,16.153986,17.027523,0.7134103,1,1
55.91,19.880497,17.027538,0.69479847,1,1
16.32,15.9597225,17.02754,0.71229815,1,1
0.0,16.337334,17.0275,0.69065773,0,1
1.3399999999999999,16.544504,17.027468,0.68257457,1,1
43.07,16.436167,17.027487,0.7239528,1,1
0.3599999999999999,16.21836,17.027496,0.6510629,0,1
2.87,15.639307,17.027508,0.6628634,0,1
0.0,16.341028,17.027508,0.70826757,1,1
0.0,17.009682,17.027506,0.6374847,0,1
10.06,15.869022,17.02754,0.7026772,1,1
0.0,16.195457,17.027487,0.7135266,1,1
13.61,15.9597225,17.0275,0.66120964,0,1
19.92,14.587986,17.027485,0.6618117,1,1
2.92,16.308767,17.027534,0.70206267,1,1
8.58,15.745228,17.02751,0.677974,0,1
0.0,16.577448,17.027514,0.7251027,0,1
7.380000000000001,16.117273,17.02751,0.63285285,0,1
0.0,16.454338,17.027529,0.65664876,1,1
14.27,16.086061,17.027489,0.7065649,1,1
212.82,16.143068,17.0275,0.65490586,1,1
23.01,16.31232,17.027508,0.7031779,1,1
0.0,15.991523,17.027506,0.66208786,1,1
2.8,16.424458,17.02751,0.68575984,0,1
5.57,15.8367405,17.027512,0.6542834,1,1
7.199999999999999,16.5371,17.027515,0.7183767,1,1
102.34,15.096214,17.027496,0.67289686,1,1
10.62,17.156816,17.02751,0.66575265,1,1
3.4800000000000004,18.283403,17.027483,0.6879397,0,1
0.0,17.038029,17.027504,0.7067397,1,1
4.71,16.871588,17.027515,0.6801949,1,1
19.33,17.075382,17.02756,0.72339565,0,1
0.71,17.440584,17.027548,0.6799533,0,1
0.0,16.971542,17.027525,0.6741375,1,1
0.0,16.836155,17.027548,0.7131065,0,1
23.61,16.628407,17.027523,0.7169366,1,1
2.4000000000000004,16.939993,17.027555,0.63943326,0,1
27.98,15.061639,17.02752,0.68640643,0,1
6.32,23.810978,17.028511,0.8703581,1,1
4.24,16.726698,17.027939,0.6063175,0,1
0.3999999999999999,16.622314,17.027695,0.6850792,0,1
34.71,16.807169,17.027681,0.6808058,1,1
2.3899999999999997,17.041471,17.027622,0.7041056,1,1
1.5199999999999996,16.66264,17.027576,0.700647,0,1
0.0,16.604128,17.027565,0.68675584,1,1
0.0,16.345663,17.02755,0.56190956,1,1
0.0,16.673258,17.02753,0.72824997,0,1
47.09,19.989534,17.027534,0.7347147,0,1
0.0,17.685333,17.027534,0.7654617,1,1
31.08,13.014062,17.027544,0.7185358,0,1
0.0,17.277687,17.027514,0.73876107,0,1
9.66,16.491234,17.027496,0.68799394,0,1
0.0,19.380018,17.027502,0.72099686,1,1
11.66,20.129877,17.027502,0.74614114,1,1
28.95,17.177086,17.027538,0.72096145,0,1
0.0,15.87505,17.02754,0.65130967,0,1
21.48,15.700537,17.027498,0.6571434,1,1
4.57,16.252516,17.027517,0.6745976,1,1
25.96,15.982134,17.027517,0.6456984,0,1
86.58,14.719119,17.02754,0.7065084,1,1
2.37,15.9597225,17.027506,0.6787268,1,1
6.27,16.990246,17.027517,0.68278784,1,1
2.9400000000000004,17.551283,17.027552,0.6645813,0,1
78.77,16.052366,17.027569,0.6755354,1,1
0.0,15.818077,17.027699,0.6889886,1,1
12.17,16.016994,17.027565,0.6774368,1,1
60.77,16.28864,17.027533,0.67509204,1,1
55.26,17.416851,17.027533,0.6029686,1,1
7.050000000000001,15.9597225,17.02754,0.6861498,1,1
1.6600000000000001,15.982311,17.02755,0.68504024,0,1
4.47,16.103367,17.02754,0.7003906,1,1
0.0,15.494836,17.027544,0.63785195,1,1
0.0,16.950645,17.02752,0.6384347,0,1
15.760000000000002,14.474491,17.027504,0.70876884,1,1
38.73,15.906851,17.027552,0.6667338,1,1
7.66,16.143068,17.027534,0.6798075,1,1
0.0,17.185717,17.027687,0.64105684,1,1
0.0,16.743504,17.027685,0.6408326,0,1
2.3499999999999996,19.61947,17.02758,0.67697126,1,1
15.18,16.588587,17.027552,0.65942883,0,1
1.75,16.314285,17.027561,0.6810329,1,1
0.0,17.037846,17.027557,0.69569373,1,1
0.0,18.663145,17.027548,0.76110053,0,1
0.8500000000000001,16.739742,17.027529,0.67398345,1,1
5.640000000000001,16.739742,17.027521,0.6898186,1,1
11.49,16.397133,17.027563,0.662201,1,1
2.5599999999999996,16.777096,17.027548,0.6813491,1,1
5.01,16.63383,17.027538,0.6115226,1,1
38.04,18.063343,17.027523,0.6746923,1,1
0.0,18.510773,17.02756,0.7412547,0,1
0.0,16.90264,17.02752,0.68740886,1,1
25.39,16.815285,17.027502,0.6925097,0,1
0.0,17.000835,17.027565,0.69720584,0,1
11.17,18.272715,17.027542,0.7294677,1,1
1.79,17.037846,17.027546,0.7142872,0,1
31.0,16.622314,17.02756,0.6721453,1,1
4.01,16.739742,17.027536,0.70348084,1,1
7.869999999999999,16.739742,17.027525,0.68140656,0,1
0.0,29.470968,17.027544,0.71070784,0,1
0.0,17.685387,17.027525,0.67620534,1,1
78.18,17.685387,17.027523,0.70602435,1,1
23.88,16.837938,17.027594,0.68143576,1,1
130.87,18.001537,17.027641,0.663563,1,1
0.0,16.773859,17.027542,0.7225065,1,1
95.29,16.071331,17.027536,0.7548263,1,1
24.78,16.874748,17.02751,0.6707047,1,1
21.45,16.169527,17.02751,0.68332875,1,1
0.0,16.167122,17.027529,0.6431977,0,1
24.71,15.9597225,17.027536,0.6674322,1,1
2.74,17.787954,17.027506,0.6809002,0,1
0.0,15.908777,17.027502,0.67195433,1,1
0.0,16.110786,17.027487,0.64416206,0,1
0.7999999999999998,15.950509,17.027496,0.698658,1,1
0.0,17.551283,17.027523,0.64585173,0,1
22.12,18.827415,17.027573,0.679931,0,1
23.5,16.407722,17.027555,0.5823598,1,1
57.97,15.985604,17.027529,0.6546542,1,1
14.739999999999998,16.401413,17.027557,0.6580624,1,1
4.53,16.052366,17.027555,0.6551074,0,1
36.2,13.995957,17.027512,0.65906537,1,1
86.62,16.813457,17.027563,0.6799742,1,1
0.0,15.991523,17.027557,0.64634234,0,1
0.0,19.164253,17.027546,0.6323035,0,1
8.34,16.103367,17.02757,0.6846997,0,1
0.3599999999999999,15.991523,17.027538,0.6350936,1,1
0.0,15.928447,17.02752,0.6931447,0,1
0.0,15.661214,17.027525,0.5602809,1,1
1.7999999999999998,16.016743,17.027506,0.64830595,1,1
0.0,15.827974,17.027502,0.66700023,1,1
9.42,16.486715,17.027536,0.62741387,1,1
6.449999999999999,16.723974,17.027525,0.65754974,1,1
19.6,18.046017,17.027544,0.65976083,1,1
0.0,14.618633,17.027542,0.6876802,0,1
11.2,16.775024,17.02755,0.6734311,1,1
0.0,17.177086,17.02758,0.7402671,0,1
0.0,16.818829,17.027552,0.66338587,0,1
8.51,17.037846,17.027548,0.66785926,0,1
9.43,14.858088,17.027554,0.6639074,1,1
5.380000000000001,16.807169,17.027548,0.6709699,0,1
1.87,16.230396,17.027533,0.6768404,1,1
5.42,17.644754,17.027544,0.7454857,0,1
13.61,17.24928,17.027584,0.6703858,1,1
0.0,19.615925,17.027557,0.7020586,1,1
12.1,17.133741,17.027695,0.69599175,0,1
2.3600000000000003,16.939993,17.027632,0.6657814,1,1
19.03,16.693771,17.027624,0.6833839,1,1
9.7,16.622314,17.027561,0.6729365,0,1
0.0,17.237986,17.027561,0.6797614,1,1
0.0,16.82804,17.027546,0.6805566,1,1
0.0,16.739742,17.027525,0.6862902,1,1
57.49,16.82804,17.027567,0.72094035,1,1
0.0,16.971361,17.027533,0.7470375,1,1
5.029999999999999,16.97361,17.027514,0.7125892,1,1
0.4900000000000002,19.40332,17.027521,0.73843175,0,1
7.1899999999999995,16.492115,17.027525,0.6571881,0,1
1.6799999999999997,15.204284,17.027512,0.64547473,1,1
6.6,16.003315,17.027483,0.7075557,1,1
3.55,16.144514,17.027494,0.68858415,0,1
2.99,15.277409,17.02749,0.6583102,1,1
0.7400000000000002,15.882619,17.027485,0.6467734,1,1
19.85,15.9597225,17.0275,0.6806496,1,1
8.57,16.143068,17.02751,0.70223,1,1
0.0,15.824104,17.02751,0.6328436,1,1
31.990000000000002,16.22047,17.027502,0.6963243,1,1
1.6900000000000004,15.908777,17.027515,0.6681113,0,1
30.82,13.77066,17.027506,0.6702057,0,1
0.0,18.386868,17.0275,0.6419027,0,1
0.0,15.68666,17.027487,0.65425205,1,1
1.3899999999999997,15.87505,17.027502,0.6966706,1,1
127.77000000000001,15.887511,17.027494,0.6866086,1,1
0.0,16.052366,17.027525,0.64609253,0,1
0.0,15.834913,17.02753,0.68027186,1,1
1.8399999999999999,15.869022,17.027542,0.67751145,1,1
1.29,15.77764,17.027523,0.6472013,0,1
0.0,15.962432,17.027496,0.68218607,1,1
8.4,17.63331,17.027504,0.6730871,0,1
0.22999999999999998,16.046392,17.02771,0.70509315,0,1
0.0,16.185995,17.027557,0.68102443,0,1
2.4000000000000004,21.152092,17.027548,0.7105344,1,1
67.76,15.951767,17.02759,0.69888836,0,1
0.0,20.734306,17.02756,0.6698239,0,1
4.24,16.44029,17.027538,0.5810405,1,1
15.3,15.429103,17.027512,0.73822427,0,1
22.14,16.609291,17.027573,0.689907,1,1
31.880000000000003,16.622314,17.02754,0.6861512,1,1
0.0,17.900446,17.02751,0.70459574,0,1
76.42,16.750937,17.027496,0.6546905,1,1
3.7,16.737337,17.027563,0.69583327,0,1
5.65,16.953175,17.027533,0.6776426,1,1
0.0,16.737337,17.027561,0.67305744,1,1
3.58,17.177086,17.027544,0.66635776,0,1
12.53,16.686394,17.027544,0.62574553,0,1
0.0,18.893753,17.027624,0.6828143,0,1
3.0300000000000002,17.116072,17.027588,0.68414176,0,1
20.3,16.817968,17.027552,0.69356805,1,1
0.0,18.216105,17.02756,0.69562346,0,1
0.0,18.226372,17.02754,0.6239312,0,1
13.3,17.037111,17.027584,0.61385083,0,1
55.61,17.173443,17.0277,0.7179621,1,1
0.8700000000000001,18.308905,17.02761,0.71339965,1,1
0.0,20.690605,17.027584,0.75072426,1,1
18.04,16.669714,17.027534,0.68185145,0,1
0.0,17.412045,17.027563,0.6158553,0,1
0.0,17.088789,17.027536,0.68791395,1,1
81.69,16.583258,17.027536,0.6755948,1,1
57.7,17.094366,17.027554,0.7406541,1,1
0.0,15.125128,17.027523,0.68806785,1,1
34.23,17.65027,17.027523,0.7038269,1,1
0.31000000000000005,17.122906,17.027538,0.6954099,0,1
2.5700000000000003,16.688799,17.027527,0.7071758,0,1
0.0,16.48863,17.027506,0.72240317,0,1
4.32,16.390673,17.02757,0.58996254,0,1
10.98,16.108648,17.027534,0.78601694,0,1
0.0,15.962532,17.027527,0.67342573,0,1
137.16,15.5229025,17.027515,0.6418642,1,1
0.0,16.492115,17.02751,0.6876139,0,1
0.0,16.174587,17.027494,0.65906966,0,1
0.0,15.871426,17.0275,0.6803845,1,1
37.75,15.869022,17.02756,0.6938773,1,1
1.62,15.412091,17.027565,0.6871427,1,1
0.0,15.295595,17.027523,0.64790654,0,1
3.1500000000000004,15.966049,17.02752,0.665764,0,1
0.0,16.013376,17.027494,0.6800285,0,1
12.57,14.366523,17.02751,0.693649,0,1
50.2,16.128973,17.02749,0.6859692,1,1
3.21,16.34057,17.027517,0.6802751,1,1
4.8,13.720172,17.027523,0.67594105,1,1
4.59,16.40147,17.027554,0.65053546,1,1
6.460000000000001,15.954171,17.027536,0.6967013,1,1
0.0,15.900822,17.02757,0.6259053,0,1
1.8099999999999996,16.086061,17.027517,0.6908472,1,1
0.0,13.904353,17.02753,0.7169626,1,1
105.48,16.507586,17.027533,0.59839886,1,1
44.99,16.773859,17.027521,0.6721711,1,1
0.0,35.51418,17.027554,0.70369536,0,1
9.05,16.88177,17.027512,0.6878911,0,1
0.0,16.981726,17.027527,0.6842125,0,1
12.88,16.836155,17.027527,0.6716243,1,1
0.0,17.173443,17.027641,0.70153224,0,1
6.65,16.864157,17.027603,0.6925513,0,1
200.76,20.637575,17.027565,0.7041042,1,1
0.0,16.926832,17.027617,0.63712007,1,1
97.9,16.800226,17.027641,0.62502825,1,1
20.99,16.990936,17.027578,0.6860671,1,1
22.6,17.037846,17.02756,0.7033817,0,1
6.41,15.270697,17.027546,0.68746614,1,1
202.68,16.486225,17.027573,0.6932847,1,1
79.81,18.61025,17.027529,0.7562431,1,1
3.37,17.775818,17.027529,0.70538306,1,1
8.74,16.229464,17.027573,0.6665122,0,1
27.05,16.622314,17.027552,0.70829535,1,1
36.58,17.775818,17.02755,0.7392007,1,1
0.0,16.622314,17.027538,0.6939073,1,1
3.3899999999999997,16.74618,17.027506,0.73968625,1,1
0.0,14.5653,17.027485,0.7362642,0,1
0.0,16.743368,17.02751,0.72506857,0,1
