Actual_Tomorrow_Delay_Days,Tuned_XGBoost_Delay_Days,Tuned_LSTM_Delay_Days,Disruption_Probability,Disruption_Flag
1.75,15.748814,13.018513,0.68463814,1
0.0,16.61359,13.3093605,0.71645766,1
0.0,20.42341,15.094216,0.74766785,1
0.0,15.128042,25.89816,0.72929114,1
35.27,16.388714,41.94975,0.70320797,1
6.43,16.787058,47.03836,0.8729001,1
0.0,16.533003,58.91611,0.7031836,1
0.0,17.503174,66.014534,0.75799924,1
0.0,15.669297,54.91291,0.70811385,1
2.5700000000000003,16.519943,26.890694,0.7280512,1
20.83,15.658884,15.581964,0.711957,1
1.4100000000000001,15.947722,15.42314,0.6614258,1
0.0,16.924183,15.830314,0.6940844,1
20.78,15.734334,15.6189,0.66626984,1
13.739999999999998,16.749441,15.434055,0.6362306,1
35.15,15.469154,15.233327,0.7020946,1
4.72,15.528675,15.049669,0.7027455,1
0.0,16.463665,14.8669,0.866469,1
0.9100000000000001,20.20682,14.336306,0.7154294,1
5.74,16.141016,13.3781805,0.6919196,1
17.55,16.460909,13.486394,0.6745772,1
17.85,15.551894,13.362231,0.6938878,1
0.0,18.133783,12.916099,0.7224562,1
0.0,16.447975,14.318363,0.6496176,1
233.39,14.915492,15.96295,0.69485927,1
1.4299999999999997,17.33042,13.447238,0.66085565,1
0.0,15.7001,13.861805,0.684007,1
0.0,16.114033,13.938574,0.65347433,1
1.37,16.404339,13.9326515,0.7116503,1
0.0,16.059288,13.928068,0.66857725,1
7.220000000000001,16.38658,13.840656,0.73846906,1
13.27,16.887999,13.614898,0.8175425,1
2.3499999999999996,16.128025,12.708557,0.68140846,1
68.95,16.257992,12.114116,0.6206972,1
0.0,16.990305,11.686307,0.6695086,1
2.87,15.352048,11.11114,0.6979831,1
26.68,16.189253,10.540622,0.70154023,1
0.0,24.83086,10.857895,0.6832611,1
0.0,16.647032,13.010488,0.70827067,1
36.34,17.168976,12.700318,0.6939027,1
0.0,15.979002,11.880478,0.68015915,1
5.890000000000001,16.630043,13.872949,0.6961694,1
85.27,16.952065,26.524483,0.69037575,1
5.32,16.836042,73.31202,0.7085247,1
0.0,14.352974,97.58501,0.61842096,1
9.02,16.931927,76.21404,0.76734275,1
60.55,18.637587,15.7222595,0.67422897,1
0.0,21.579435,14.956243,0.6738283,1
3.6399999999999997,15.86579,15.522183,0.7017895,1
23.19,16.485783,15.832578,0.6993481,1
2.7199999999999998,16.724659,15.944088,0.7429643,1
3.79,15.833814,20.077536,0.68305993,1
0.0,16.275963,60.911762,0.74128014,1
0.0,17.318928,102.34855,0.8081677,1
2.26,16.269056,18.395573,0.6775075,1
10.75,15.648494,14.746361,0.7003389,1
50.56,17.659119,15.239337,0.7046052,1
0.0,15.33415,15.575353,0.6696274,1
0.0,16.64138,15.706576,0.68323463,1
10.7,15.982938,15.88184,0.67908746,1
37.31,19.860073,15.965558,0.6534172,1
0.0,16.458805,15.518069,0.79729164,1
8.5,15.885223,14.243295,0.7031479,1
100.18,22.563992,14.725945,0.8342371,1
20.86,18.33636,13.764709,0.71617883,1
97.25,15.205857,12.49875,0.6972567,1
14.98,16.131365,11.833347,0.6944746,1
18.78,18.673014,11.156266,0.765295,1
144.23,17.1088,11.637182,0.69557756,1
4.94,15.4763775,11.691569,0.6296391,1
6.130000000000001,16.171043,11.669972,0.70302874,1
0.0,15.9764595,11.968729,0.6954534,1
72.22,15.194774,12.263595,0.6758605,1
0.0,16.544868,12.08618,0.7127835,1
42.21,17.331192,11.491361,0.6963389,1
0.0,20.329273,11.801044,0.6986851,1
30.75,15.880382,13.095407,0.70968974,1
3.7800000000000002,16.494678,14.448638,0.7152747,1
154.39,15.177065,36.093597,0.7016365,1
5.960000000000001,16.104406,36.74265,0.6810494,1
17.14,15.6454525,22.125303,0.695568,1
0.0,17.095284,12.214197,0.6677355,1
9.07,16.251066,12.987149,0.71575266,1
28.03,22.007507,13.151901,0.76792026,1
1.5700000000000003,15.658115,12.291135,0.6610772,1
2.3499999999999996,16.390385,11.731509,0.6997196,1
12.08,15.973125,11.482525,0.7029591,1
35.63,16.090334,11.838769,0.6678884,1
11.5,16.238256,11.254447,0.6785416,1
32.77,16.310518,11.163991,0.68843895,1
0.0,16.699316,12.733564,0.6650594,1
0.98,15.641492,14.098272,0.57413644,1
0.0,17.505745,53.04615,0.81147355,1
67.05,16.181667,65.30772,0.6520619,1
48.73,17.559145,25.405159,0.72622335,1
4.78,16.52185,14.863893,0.6571077,1
0.0,16.371086,15.34213,0.6542393,1
0.0,15.838517,15.201271,0.5505507,1
153.2,17.067924,15.4935875,0.8812844,1
0.0,17.175705,15.32865,0.7051916,1
1.2999999999999998,16.901375,15.680231,0.72405034,1
87.68,17.49995,15.604114,0.7415379,1
5.550000000000001,18.600155,15.6383,0.7890131,1
19.57,16.492098,15.704649,0.6931717,1
12.96,16.425066,15.681108,0.7107806,1
0.0,14.197731,15.625945,0.6978611,1
0.4900000000000002,15.4290905,15.430064,0.68767434,1
0.0,16.366129,14.909999,0.6918745,1
0.0,13.942055,13.882281,0.7459088,1
24.67,16.16841,14.017013,0.6997094,1
0.08999999999999986,17.595366,14.347028,0.6977905,1
13.940000000000001,20.753502,15.326754,0.65465367,1
14.59,17.135702,14.871774,0.7087884,1
0.0,15.212469,14.244157,0.6605146,1
0.0,16.058594,13.508151,0.6193745,1
0.0,17.0425,13.418258,0.69293207,1
8.91,15.322603,13.497086,0.67446727,1
0.0,16.072641,13.848811,0.7106417,1
0.0,16.104246,14.071475,0.67067355,1
13.780000000000001,15.873318,14.404045,0.6904804,1
0.0,17.463999,14.128616,0.7547591,1
0.0,16.033377,13.703489,0.6169991,1
3.8099999999999996,16.91056,13.725317,0.7025064,1
214.97,14.281164,13.61459,0.7092748,1
4.77,16.30973,12.130297,0.6733431,1
18.55,16.586195,11.48388,0.68628234,1
0.0,17.663925,10.742128,0.72147894,1
0.7799999999999998,19.013407,10.794693,0.7735061,1
21.17,16.647327,11.962523,0.61265445,1
0.14000000000000012,18.167246,14.830476,0.6762606,1
27.44,16.172644,29.568197,0.6985155,1
9.06,16.006386,91.72682,0.6466609,1
0.0,16.361969,22.458961,0.68608713,1
3.83,16.091549,12.287932,0.6318871,1
4.01,17.125368,14.164494,0.7228747,1
3.6100000000000003,16.688168,15.32637,0.68652683,1
5.5600000000000005,14.203466,15.652213,0.6984214,1
0.0,18.388597,15.739924,0.7050203,1
45.22,16.598387,15.475889,0.6926283,1
11.49,15.316576,15.125418,0.70760655,1
26.71,16.240328,14.978963,0.72413194,1
30.96,16.32968,14.912905,0.67556953,1
0.0,17.520975,14.637686,0.7061559,1
101.15,15.494019,14.558828,0.55600375,1
8.19,16.3243,13.942713,0.7153282,1
2.3499999999999996,15.868638,13.751886,0.68981767,1
5.449999999999999,16.925507,13.783304,0.6993444,1
13.510000000000002,15.884115,13.409113,0.7279009,1
0.0,16.815207,12.29463,0.72150743,1
0.0,17.812464,12.187173,0.7318803,1
2.2699999999999996,15.884577,12.143549,0.74200803,1
3.63,15.704031,12.545771,0.7462629,1
3.34,16.301037,13.358362,0.72518677,1
37.14,15.520492,13.455413,0.72242844,1
0.0,17.35468,13.644079,0.6941076,1
18.88,16.712881,14.192046,0.696031,1
0.0,17.040274,14.242127,0.74647254,1
0.0,16.055744,14.199726,0.7341008,1
56.3,15.26736,14.545837,0.6760262,1
14.190000000000001,15.019365,14.354154,0.65184695,1
88.95,21.065336,14.589416,0.70565087,1
0.0,15.291071,14.681413,0.6969026,1
9.46,16.301123,15.09983,0.7096722,1
3.7800000000000002,16.730381,15.096407,0.6771519,1
0.0,15.489151,15.363414,0.6531891,1
0.0,15.489266,15.330611,0.6977223,1
6.17,16.383423,15.282881,0.6940498,1
0.0,15.961884,15.371162,0.693464,1
10.77,15.584267,15.169337,0.71403897,1
156.84,18.546013,15.253601,0.6476329,1
0.0,15.50704,14.35457,0.6291036,1
2.45,15.782446,13.590852,0.72953355,1
7.07,16.450415,14.009995,0.66898334,1
4.6,20.06943,13.916455,0.67229533,1
29.58,17.152798,13.328062,0.67934567,1
0.0,16.332142,13.340947,0.7150932,1
9.36,15.881486,13.438792,0.7339875,1
24.18,16.336452,13.537677,0.66825664,1
3.8499999999999996,16.79992,13.0182705,0.6786368,1
3.26,15.938951,12.915411,0.6514282,1
0.0,17.236963,12.791026,0.6799328,1
9.45,14.135037,13.172199,0.6644768,1
11.31,16.484472,13.946457,0.6901593,1
0.0,16.245283,13.503165,0.8201936,1
3.7199999999999998,17.095304,13.707581,0.6890336,1
165.46,16.716238,15.770469,0.7486001,1
1.54,15.456788,13.805322,0.70103097,1
5.720000000000001,15.905209,13.192807,0.6815472,1
0.0,15.976236,13.483567,0.7158744,1
0.0,15.81491,13.960064,0.6895561,1
38.39,15.596725,14.20276,0.6627116,1
2.5999999999999996,13.299479,13.732462,0.7198295,1
14.879999999999999,16.164314,14.348124,0.6902284,1
4.12,16.828377,15.010705,0.6764991,1
2.3899999999999997,15.472631,15.737354,0.711209,1
0.0,15.661049,28.360603,0.70052505,1
101.85,15.4091625,15.764693,0.8353296,1
140.08,16.94169,12.645684,0.6937487,1
4.24,16.056524,13.272585,0.7109561,1
38.85,15.766227,12.598224,0.69200724,1
9.06,15.662014,11.785258,0.69808334,1
24.23,18.425407,11.456973,0.63506395,1
5.0600000000000005,15.468952,11.335184,0.66024864,1
6.279999999999999,17.516634,11.498936,0.6795647,1
2.8899999999999997,18.50737,11.773263,0.67434204,1
23.55,16.310259,13.111057,0.6779782,1
0.0,17.816692,15.725996,0.7093917,1
6.75,26.925032,20.24163,0.72099954,1
8.79,17.275833,16.158264,0.6799722,1
25.93,15.789112,12.26397,0.6762405,1
0.0,18.107426,11.861372,0.69487584,1
9.89,15.022202,12.060409,0.6827874,1
2.37,16.456228,11.63446,0.5620216,1
0.0,17.204845,11.6607275,0.6574918,1
20.97,18.013073,11.32675,0.67766654,1
0.0,17.801378,11.156373,0.6680231,1
0.0,16.732725,11.464275,0.69537663,1
0.9700000000000002,16.30301,11.766211,0.6811968,1
0.0,16.14994,12.083153,0.68177533,1
118.68,17.482637,12.165039,0.7870315,1
2.24,20.123878,12.557951,0.63713634,1
0.16999999999999993,15.9179,13.435506,0.66420007,1
10.77,19.25192,14.001558,0.76679367,1
0.0,15.860529,14.141408,0.62413853,1
3.46,15.917308,13.790646,0.667319,1
7.4399999999999995,16.69618,13.010768,0.65086406,1
1.2300000000000004,17.883602,12.665955,0.6702806,1
26.59,17.511642,12.120193,0.72404766,1
5.869999999999999,16.180511,11.893358,0.67983425,1
2.1500000000000004,16.019953,11.7494755,0.68029064,1
0.0,17.373001,12.422927,0.7622559,1
0.0,16.157291,13.25959,0.68796897,1
33.11,15.765356,26.749168,0.5990846,1
7.369999999999999,16.456755,11.212861,0.7241215,1
0.0,16.995543,13.527475,0.6719298,1
0.0,15.5741825,14.237232,0.7533736,1
12.78,15.632056,13.895892,0.7122448,1
4.97,16.156464,13.39319,0.7275093,1
6.18,18.209648,12.907258,0.69540364,1
3.26,14.526732,12.992438,0.47135502,0
0.0,15.979952,12.919389,0.7138451,1
0.0,15.157066,12.856433,0.7463505,1
0.52,16.826126,13.931593,0.66331047,1
0.0,13.414144,14.274346,0.6749532,1
0.0,15.587803,14.146664,0.7194179,1
0.0,16.6988,14.711623,0.7198539,1
4.0,14.78765,15.182803,0.7042577,1
12.05,14.72694,14.776429,0.6754808,1
16.69,15.039898,14.577894,0.66132087,1
24.24,16.035145,14.182815,0.7005066,1
6.8100000000000005,15.707831,14.601786,0.70622295,1
5.02,15.405092,15.660883,0.6723076,1
7.800000000000001,15.570783,18.16856,0.6448353,1
9.23,15.308724,17.063622,0.658336,1
8.94,15.855508,14.8568535,0.49773568,0
1.1100000000000003,16.7834,13.895116,0.6897299,1
1.12,23.183804,14.052905,0.70702064,1
0.0,16.220192,13.388156,0.6581529,1
9.69,15.660726,12.670513,0.6323597,1
10.77,18.18165,12.713959,0.6682232,1
0.0,19.300743,13.39311,0.6794463,1
0.0,16.979902,14.358273,0.69225556,1
24.38,17.041212,14.5561285,0.7578007,1
0.0,15.961893,14.477906,0.6513838,1
6.199999999999999,24.552736,14.682437,0.6703752,1
172.29,16.910898,14.475442,0.70507836,1
0.0,16.38536,13.934934,0.6579537,1
6.039999999999999,16.382864,13.86469,0.7948213,1
3.9400000000000004,17.911575,13.6969,0.70179844,1
6.42,15.420635,13.507684,0.6437634,1
12.66,17.408691,13.248153,0.6902874,1
0.0,17.077045,12.774818,0.6909815,1
130.67,16.884396,13.119108,0.67020583,1
17.83,17.967434,13.183661,0.70252,1
38.5,16.498344,15.63911,0.6428265,1
2.33,16.118128,21.601,0.6626703,1
60.82,16.984661,33.95944,0.7412775,1
31.759999999999998,14.735344,15.577111,0.64984435,1
20.45,14.965451,14.333909,0.753073,1
0.0,16.168728,14.998806,0.68444294,1
35.24,13.604498,15.196362,0.71271795,1
0.0,15.423005,15.249155,0.73204696,1
0.0,16.940279,15.205079,0.73116904,1
0.0,16.807676,15.347175,0.7543128,1
48.28,15.385938,15.398649,0.79763263,1
0.0,17.183893,15.222471,0.74833083,1
24.64,15.2572565,15.086318,0.7405252,1
5.460000000000001,16.247414,14.952106,0.72244114,1
0.0,15.40029,14.997176,0.7155427,1
15.829999999999998,14.631571,14.88745,0.73809654,1
0.0,15.404435,14.329853,0.6886764,1
15.510000000000002,15.797177,13.9017105,0.6747663,1
0.0,16.395725,14.056715,0.6238808,1
22.25,16.52261,14.876738,0.7133336,1
7.630000000000001,17.173346,14.857476,0.7431062,1
15.23,14.721089,15.07238,0.67273116,1
20.84,18.069237,15.112965,0.6946925,1
18.2,16.347057,14.7936945,0.74524915,1
0.0,15.250331,14.957015,0.70230347,1
32.23,17.779156,14.77168,0.6921034,1
0.0,17.3561,14.759629,0.63120735,1
8.91,16.359472,14.54922,0.6629055,1
0.0,14.240152,14.590873,0.62086207,1
5.539999999999999,15.505136,14.917899,0.71068746,1
2.55,15.443368,22.221842,0.697739,1
1.3899999999999997,19.098341,19.527287,0.61329526,1
0.0,16.010462,17.168257,0.6915065,1
0.0,15.790316,15.3834505,0.7312944,1
0.0,23.516459,14.436694,0.6823905,1
0.0,16.657173,14.718568,0.5373685,1
2.87,17.29173,14.138186,0.70186347,1
9.82,16.092056,13.146451,0.6758937,1
18.74,16.404282,13.309828,0.67233914,1
0.0,17.810297,12.10883,0.7092738,1
1.0300000000000002,15.315063,11.680578,0.70259917,1
0.0,20.610067,12.110464,0.74092436,1
0.0,14.7196865,12.308692,0.6574164,1
1.37,17.23627,12.676738,0.7155361,1
7.24,17.029043,12.6480665,0.6855563,1
0.0,16.581553,12.513437,0.6969119,1
19.55,16.767044,13.115153,0.7122567,1
4.86,16.047533,13.700373,0.7032697,1
2.7,16.101667,13.443904,0.6844953,1
0.54,16.930473,13.887369,0.6894025,1
37.36,15.670462,13.904586,0.65727687,1
14.170000000000002,16.539768,13.603086,0.8208841,1
3.79,16.238787,13.718207,0.7376827,1
5.890000000000001,17.010572,14.137633,0.69685745,1
49.47,18.342304,15.0958185,0.71227473,1
0.0,15.266301,14.757925,0.6849035,1
18.99,15.45015,14.098491,0.6874904,1
0.0,15.933858,13.834401,0.6788972,1
10.52,13.585646,14.358842,0.7316553,1
0.0,15.889364,14.542336,0.7082224,1
0.0,16.94089,14.153137,0.69127977,1
44.68,15.623537,14.267325,0.65649265,1
72.72,15.262149,14.015529,0.65389454,1
2.2300000000000004,16.136288,13.953811,0.68617076,1
2.4800000000000004,16.26945,14.041005,0.7176196,1
1.2699999999999996,15.955645,14.238656,0.5354033,1
0.0,15.703033,14.409869,0.68857294,1
12.03,19.10412,14.320477,0.7529703,1
0.0,15.968583,14.232535,0.7012343,1
85.27,21.05589,15.083316,0.79574615,1
1.37,17.903856,14.632126,0.85458475,1
0.33000000000000007,15.125382,14.313503,0.7218341,1
0.0,18.026703,13.689813,0.7042365,1
0.0,15.995249,13.682819,0.7038895,1
0.0,16.538755,14.920354,0.7857571,1
2.7199999999999998,16.852499,27.359188,0.7031809,1
1.42,17.273952,55.58349,0.79994285,1
0.0,16.08926,19.051105,0.6854102,1
38.65,15.930885,14.317203,0.68789685,1
12.14,22.12391,14.171592,0.6821273,1
8.98,17.468882,14.730116,0.6793369,1
0.0,17.947115,14.5615225,0.64384353,1
5.93,16.805452,14.618818,0.68142253,1
36.03,17.80801,14.037708,0.6558035,1
66.96,22.391632,15.683838,0.8098333,1
73.43,16.329977,14.70499,0.730282,1
0.0,14.822477,14.248776,0.6846067,1
0.0,16.146252,14.435708,0.70948404,1
0.9100000000000001,17.376017,13.830541,0.6866441,1
0.0,14.408181,13.125992,0.6191926,1
0.6499999999999999,16.066835,13.095677,0.69590527,1
21.91,16.185257,13.003197,0.7626312,1
0.0,16.439028,12.730576,0.720313,1
1.6900000000000004,16.778719,12.925547,0.7684582,1
6.890000000000001,15.911163,13.052697,0.7255744,1
4.73,16.75941,18.356083,0.75807214,1
0.14000000000000012,15.906836,26.225174,0.70619226,1
121.53,14.517159,28.918962,0.5576441,1
12.04,16.358946,15.522459,0.80741775,1
0.0,17.073082,13.840626,0.7351583,1
0.0,18.556091,44.03227,0.82681096,1
8.62,15.1492405,42.341732,0.6890586,1
0.0,14.206198,24.338696,0.7024053,1
25.8,14.8483,15.091748,0.64133793,1
0.0,15.780945,15.051979,0.7173921,1
0.0,16.71358,16.013033,0.8026724,1
0.0,16.614532,15.46159,0.6510853,1
2.4299999999999997,16.100595,14.622217,0.7128939,1
6.85,15.802588,14.012543,0.71717745,1
0.0,17.115435,13.495472,0.87422585,1
0.0,15.953276,15.343319,0.6611165,1
1.8899999999999997,16.153109,34.877647,0.6063607,1
16.92,16.214682,34.674946,0.7166338,1
0.0,16.524328,25.083914,0.47634673,0
0.0,14.999252,12.601824,0.7058772,1
0.0,15.958912,12.141229,0.7179286,1
232.7,17.700964,12.342064,0.64866817,1
1.8200000000000003,17.038885,12.472449,0.67707324,1
83.3,18.584606,13.625882,0.7101931,1
23.68,15.843854,13.790548,0.65196645,1
13.0,17.461493,13.533547,0.7776593,1
16.65,16.560062,12.7485285,0.7025477,1
1.0999999999999996,15.829601,11.90493,0.63871807,1
0.0,16.611694,11.317881,0.8168154,1
7.99,16.664062,11.103509,0.6898901,1
0.73,23.03989,11.42308,0.66839194,1
0.9300000000000002,18.574366,16.17255,0.74092275,1
1.4400000000000004,16.614164,30.56665,0.6791557,1
181.31,14.37545,27.770676,0.7482298,1
0.0,16.403412,13.540408,0.7169829,1
7.720000000000001,16.079195,14.913343,0.68587035,1
0.0,16.401865,14.765716,0.68778926,1
30.25,15.877695,14.806185,0.5904911,1
26.34,15.258062,14.496567,0.70854694,1
25.4,16.640095,14.266018,0.71846277,1
5.4399999999999995,15.167016,14.305215,0.6820117,1
83.42,15.724223,14.408193,0.681147,1
0.0,15.720136,14.362734,0.75071687,1
73.36,16.236221,14.348167,0.67110515,1
2.26,17.716145,14.434806,0.76734555,1
5.050000000000001,13.24781,14.844048,0.68495005,1
0.0,15.375208,14.87437,0.71966225,1
167.77,15.316611,14.837509,0.7142231,1
12.21,14.571097,14.797779,0.72968996,1
27.09,16.413769,14.7827,0.5920449,1
0.0,14.880162,14.548882,0.6539094,1
8.34,15.40711,14.498632,0.65809995,1
18.4,15.1798525,14.2906,0.68722975,1
5.449999999999999,16.330742,13.893215,0.64332163,1
0.0,13.882182,13.9141245,0.7106575,1
0.0,14.399832,14.227916,0.6923525,1
32.78,14.213408,14.308894,0.62575626,1
59.57,15.163023,14.507834,0.6716665,1
38.39,15.564609,14.37358,0.691121,1
13.719999999999999,15.143259,14.564316,0.67426956,1
3.2699999999999996,22.414999,14.925584,0.66111845,1
0.0,13.349313,15.172713,0.68455744,1
2.29,15.485677,15.502773,0.80397475,1
3.92,19.178164,18.257334,0.70795494,1
0.0,16.466555,16.134398,0.81451,1
27.46,14.849063,14.156946,0.61483663,1
16.25,21.819225,13.582966,0.67643946,1
30.299999999999997,14.822986,12.530301,0.74242026,1
0.0,16.933863,11.646417,0.6797413,1
1.4100000000000001,15.936083,11.575965,0.6889073,1
5.41,16.402666,12.164551,0.60548735,1
0.0,16.111755,13.339145,0.677856,1
0.0,16.558306,14.415029,0.70366436,1
0.0,15.602574,24.74297,0.65188915,1
4.63,15.855726,23.986145,0.5755658,1
9.07,16.299782,16.502787,0.685769,1
22.98,15.576569,15.89663,0.7119994,1
170.28,19.524702,13.197805,0.677521,1
8.76,17.609318,12.2972145,0.6745139,1
13.379999999999999,16.327522,12.387289,0.7744972,1
68.19,15.612629,13.057814,0.687045,1
5.26,16.390383,12.786687,0.64616555,1
3.3600000000000003,17.059858,12.355982,0.710649,1
23.42,16.205118,12.470574,0.793044,1
5.18,15.745226,11.801753,0.65253043,1
0.0,17.781448,11.271589,0.6741064,1
8.37,16.167807,11.168708,0.6873753,1
0.0,16.475037,11.432915,0.7082076,1
0.75,16.246834,11.88315,0.6687714,1
28.39,26.335299,12.689299,0.7180648,1
88.05,17.480972,13.386371,0.6880018,1
0.0,17.325382,13.609518,0.6161405,1
6.93,16.502077,45.04532,0.6338289,1
98.9,16.873304,37.46211,0.65346116,1
21.11,17.245718,13.8804865,0.71373045,1
6.960000000000001,17.223846,14.324614,0.7034817,1
0.0,15.547663,15.288688,0.7044219,1
0.0,16.521288,15.837766,0.7506135,1
0.0,15.355733,14.969692,0.7061798,1
29.75,17.481989,14.085769,0.6323062,1
10.28,15.08543,13.946403,0.74098366,1
0.0,16.137754,13.813726,0.71332145,1
22.15,14.153112,13.69101,0.7276788,1
0.0,16.639091,14.210567,0.773187,1
3.24,17.339516,14.831978,0.72416097,1
8.06,15.433151,14.735654,0.6949849,1
6.289999999999999,16.125937,15.059056,0.7483895,1
0.10000000000000009,15.9986,16.409382,0.7122346,1
0.0,13.023919,17.151535,0.5745506,1
0.0,16.020164,16.792881,0.7098314,1
16.1,13.698437,15.392878,0.6905607,1
11.22,14.674622,15.345366,0.6659671,1
12.47,17.376577,14.660378,0.70461375,1
1.1799999999999997,17.667551,14.726155,0.7064806,1
6.140000000000001,16.841183,14.681569,0.6920985,1
0.0,15.228198,14.476691,0.65845793,1
0.0,16.439726,14.920136,0.693426,1
32.6,15.505067,14.892123,0.6865134,1
71.0,17.893684,14.21701,0.6628339,1
8.9,16.195976,13.352226,0.71533924,1
0.0,14.782081,12.574307,0.64390117,1
4.32,14.489651,12.056075,0.7206092,1
64.18,14.865311,12.029166,0.6572164,1
7.15,17.411997,11.988338,0.6954082,1
4.93,15.334078,11.747475,0.7127901,1
1.7300000000000004,16.28745,11.720934,0.71827215,1
12.17,15.003166,11.549486,0.66993415,1
26.16,15.864498,11.624119,0.6844566,1
0.0,18.032183,12.351234,0.6098324,1
0.0,15.633263,15.175308,0.7020838,1
18.31,15.306493,19.267097,0.6080381,1
0.0,16.288387,13.038584,0.752365,1
29.020000000000003,16.08868,11.897431,0.76808107,1
9.14,17.441956,12.0699215,0.6259804,1
0.0,15.7366495,11.8997755,0.66772014,1
17.57,17.620615,12.231723,0.7190771,1
0.0,16.957659,12.080425,0.6792683,1
0.0,16.789366,11.909405,0.7894009,1
7.960000000000001,19.632887,11.618023,0.8134586,1
0.0,16.385962,11.499029,0.69028986,1
0.2999999999999998,16.849953,11.351343,0.6918622,1
0.0,20.147253,11.527098,0.7125883,1
221.75,16.143534,11.7404175,0.65616244,1
43.83,17.518362,11.798387,0.72194695,1
10.01,18.53376,12.080838,0.690245,1
0.0,21.278759,13.192412,0.8322136,1
27.11,16.404814,14.587992,0.70950294,1
0.0,17.615446,13.894757,0.7300666,1
10.56,14.891009,14.013049,0.6893907,1
15.45,16.065723,13.471854,0.80051035,1
20.61,17.712744,13.399726,0.66993386,1
8.76,16.692572,13.660497,0.6997568,1
30.409999999999997,16.436314,13.548415,0.6734708,1
0.4900000000000002,21.24244,13.322543,0.7156815,1
4.5,17.46878,15.995681,0.5207741,1
4.07,17.197012,49.890995,0.7097039,1
6.43,15.791765,34.490005,0.71076965,1
11.19,15.823036,14.745507,0.74608195,1
47.93,14.928175,15.083246,0.7449063,1
58.21,16.242216,15.471776,0.7242889,1
0.0,15.924381,15.685943,0.7104778,1
101.71,17.092705,15.798115,0.71445394,1
14.370000000000001,16.537584,15.496818,0.7521034,1
0.0,15.736204,15.511741,0.6983477,1
3.29,15.650223,15.642531,0.6973118,1
230.78,16.629677,15.644003,0.6928151,1
99.6,17.258064,15.069398,0.7237829,1
0.0,16.022741,14.534338,0.67607063,1
16.18,15.735542,14.062793,0.6822574,1
63.870000000000005,15.293129,13.743509,0.70357144,1
63.650000000000006,15.622286,13.544487,0.6187092,1
78.21,17.46445,13.3605385,0.66281873,1
4.66,15.842029,13.287771,0.6524093,1
7.6899999999999995,16.772236,13.459729,0.6868459,1
0.0,15.650666,13.853439,0.71353203,1
6.76,15.842263,13.812561,0.6926411,1
12.24,15.743239,13.770763,0.75499755,1
14.8,15.499138,13.655969,0.6933399,1
22.33,15.701542,14.019311,0.6858888,1
0.0,16.543016,14.292113,0.773554,1
0.0,15.846376,14.302192,0.6878769,1
0.0,15.425797,14.362198,0.70006245,1
0.0,15.942404,15.035745,0.6613129,1
0.0,17.781738,15.3313055,0.65643084,1
8.43,18.25677,14.950746,0.68932426,1
2.55,23.909346,14.630729,0.6548069,1
0.0,17.359343,14.165399,0.74142075,1
12.6,16.654348,13.857575,0.73832864,1
0.0,16.622223,12.776105,0.70247084,1
0.0,15.971054,12.450351,0.62696064,1
12.9,17.290977,12.178378,0.7975086,1
92.97,15.823812,12.033823,0.78579724,1
0.0,16.44543,11.681866,0.6493207,1
0.0,17.500008,11.673335,0.6281995,1
2.51,21.935148,14.092867,0.7918395,1
24.85,16.665014,24.643745,0.72317296,1
0.0,16.414047,12.585043,0.66459024,1
21.8,17.030867,13.237906,0.56177163,1
34.7,18.392895,14.092877,0.7611292,1
37.67,18.034304,20.991735,0.700418,1
2.1799999999999997,15.701685,26.105293,0.7033312,1
3.5599999999999996,17.5862,14.293424,0.70857656,1
0.73,15.936333,13.689569,0.73504037,1
87.0,16.686445,15.150802,0.6111358,1
0.0,17.803045,14.191441,0.72546196,1
8.5,18.969074,13.800038,0.6571986,1
12.08,17.07773,13.889201,0.62110543,1
0.0,17.156952,12.604557,0.73704255,1
30.450000000000003,15.506767,12.3277025,0.7511364,1
0.0,16.106983,11.956326,0.69425565,1
6.720000000000001,15.725043,12.045952,0.70777637,1
12.06,17.102549,13.213512,0.7184141,1
21.18,16.987173,12.800111,0.7514026,1
48.1,15.817248,13.433938,0.70153105,1
0.0,16.045368,14.231351,0.67701316,1
0.0,15.961771,14.053884,0.6942388,1
23.88,15.445926,14.027746,0.7494314,1
0.0,16.959543,14.360775,0.6722988,1
0.0,16.511837,14.621809,0.73011994,1
0.0,14.198166,14.866776,0.6510537,1
21.89,15.917381,14.709827,0.68536794,1
2.2199999999999998,16.464165,14.629718,0.70313036,1
6.609999999999999,14.94594,14.856553,0.65769315,1
0.6200000000000001,16.908604,14.837964,0.6525599,1
0.0,15.154404,15.373814,0.687028,1
2.7,15.300943,15.735856,0.6431341,1
10.86,16.240652,16.664602,0.48046592,0
3.5199999999999996,15.51014,16.168112,0.68047094,1
44.01,14.566628,15.872927,0.6556185,1
12.49,15.763376,15.23448,0.6881566,1
0.0,15.562612,15.059982,0.69001377,1
9.42,20.217009,15.554372,0.76368684,1
16.89,16.21162,15.641888,0.7115976,1
0.0,15.716843,15.586235,0.67112154,1
25.69,14.581709,15.210197,0.70702827,1
35.02,15.2601795,14.517773,0.64420164,1
29.71,16.542501,14.190929,0.67560875,1
39.14,17.386518,13.73353,0.7090281,1
0.08999999999999986,17.451933,13.234253,0.7871812,1
0.0,16.667986,12.948068,0.61156976,1
5.710000000000001,15.896576,12.27966,0.6820307,1
5.470000000000001,16.308443,11.852048,0.7786473,1
11.62,16.118856,11.411024,0.6925029,1
25.09,16.882671,11.5209,0.72469234,1
11.45,15.98377,11.512719,0.68425834,1
24.75,16.758808,11.177131,0.69212556,1
0.0,17.867178,11.268062,0.69777733,1
5.34,16.9133,11.794889,0.67925555,1
2.4699999999999998,16.755348,11.430603,0.6857464,1
3.49,16.34331,11.505738,0.6894858,1
17.28,16.356356,11.8516,0.63582563,1
18.95,15.84975,11.119542,0.7028251,1
4.5,17.42635,10.916081,0.7288057,1
86.8,17.153149,11.095916,0.6865008,1
10.66,17.709942,12.014945,0.7316424,1
0.0,16.452232,13.919306,0.65953815,1
0.0,15.862691,23.908815,0.68039644,1
53.48,16.658289,25.629105,0.68963975,1
17.82,16.653643,11.685585,0.67645603,1
7.640000000000001,16.396627,12.600948,0.7252185,1
6.3100000000000005,16.230919,12.058046,0.7334558,1
31.04,16.731152,11.698558,0.7197567,1
4.15,17.09419,11.65994,0.6653275,1
15.120000000000001,15.88544,11.806655,0.6852139,1
6.380000000000001,17.912949,12.063464,0.6771504,1
0.0,16.260519,12.107128,0.71443725,1
6.27,13.030479,13.665716,0.64582163,1
0.0,18.454218,40.683884,0.7862654,1
6.91,16.200123,43.916744,0.71620727,1
52.56,17.501408,16.249609,0.6753057,1
5.300000000000001,15.775345,14.25972,0.7129224,1
37.84,15.881567,15.335928,0.7832712,1
0.6299999999999999,15.3417845,15.448192,0.6978073,1
7.25,16.73295,15.606319,0.69988614,1
8.36,13.642927,15.584425,0.672613,1
48.46,14.853637,15.655265,0.5961985,1
1.4100000000000001,15.842017,15.609918,0.76421094,1
3.1500000000000004,14.461921,15.561225,0.73381317,1
18.38,15.480011,15.5523615,0.6558746,1
2.01,16.114487,15.259442,0.7119167,1
0.0,18.51195,15.046896,0.7121672,1
8.3,15.041728,14.546408,0.65895957,1
40.65,15.899886,14.103246,0.70189714,1
25.71,15.473835,13.921023,0.49069753,0
0.0,16.099646,13.879382,0.6779886,1
11.3,17.458223,13.72955,0.7272059,1
0.0,16.266207,14.158313,0.7009519,1
1.54,14.2467375,14.712305,0.63628274,1
10.41,17.26582,14.817944,0.70001686,1
0.040000000000000036,15.861601,13.961663,0.72869253,1
0.0,17.235119,13.559775,0.7192395,1
0.0,16.447174,13.113311,0.70585614,1
0.0,16.141445,12.958645,0.66323745,1
19.37,19.820435,12.516635,0.71041363,1
56.05,18.948824,12.22866,0.6487891,1
40.18,18.343582,11.9528055,0.7112001,1
16.31,17.03478,11.995542,0.66659385,1
0.0,18.829525,12.2696,0.6768339,1
5.07,14.564561,12.982754,0.68182856,1
3.91,17.144806,12.929937,0.7104139,1
2.2199999999999998,17.440403,13.098452,0.699995,1
7.199999999999999,16.632347,13.4146385,0.6417524,1
2.6500000000000004,19.09899,13.7599,0.71156263,1
0.0,18.87883,14.021165,0.70938396,1
2.5999999999999996,16.343225,13.613548,0.7146746,1
0.0,17.765974,13.102093,0.66394633,1
0.25,15.790428,13.617197,0.6047461,1
0.25,16.357214,13.79773,0.7177071,1
15.46,16.50786,14.33736,0.64250594,1
22.07,17.10312,14.724053,0.6941018,1
0.0,16.6624,15.056622,0.76237965,1
18.71,16.061577,15.182024,0.7507185,1
6.98,16.595314,15.212526,0.7014889,1
2.9400000000000004,12.892439,15.326667,0.75548005,1
13.559999999999999,12.632797,15.343637,0.71643025,1
82.15,15.820249,15.390304,0.7325,1
0.0,16.529364,15.265878,0.748453,1
2.67,16.213375,15.368701,0.704427,1
0.0,16.177902,15.410547,0.66554236,1
6.199999999999999,16.780527,15.418865,0.6647564,1
30.189999999999998,15.441221,15.44869,0.632331,1
24.73,14.793511,15.210274,0.62550884,1
2.2199999999999998,16.370663,15.027254,0.7153396,1
190.11,15.84227,15.027159,0.68699133,1
63.95,16.935505,14.588367,0.66441345,1
9.83,19.378452,14.423535,0.6598428,1
6.9399999999999995,16.112415,14.456465,0.71161854,1
62.08,15.886445,14.305717,0.68836045,1
4.12,16.036299,13.699043,0.6981669,1
47.62,14.900323,13.716668,0.6970894,1
8.23,16.891115,14.356748,0.67017424,1
15.61,15.89398,14.706171,0.67193633,1
28.2,16.965351,15.231519,0.7306236,1
0.0,18.080555,15.072492,0.6439872,1
51.82,20.409927,15.168591,0.7419071,1
22.95,16.381016,14.859884,0.6786521,1
8.55,16.533033,14.47691,0.68237996,1
0.0,17.769842,14.646877,0.6122271,1
5.369999999999999,17.076607,15.023526,0.77345085,1
10.25,16.498165,15.602143,0.750507,1
0.0,16.692535,13.191146,0.7104768,1
0.0,16.442928,12.294794,0.6646295,1
21.9,18.689636,12.454087,0.7466583,1
0.0,17.059744,11.830334,0.6564272,1
0.0,16.136194,11.604096,0.6394805,1
0.0,17.558825,11.573184,0.77773863,1
0.0,19.858751,11.372154,0.7156109,1
193.67,16.617018,11.315451,0.70642823,1
72.72,16.947863,11.490212,0.6989487,1
0.0,19.585728,11.702289,0.6643914,1
0.0,17.201054,12.2064905,0.7424408,1
23.09,15.941238,13.546591,0.6774228,1
1.7800000000000002,16.991074,18.553188,0.6635466,1
13.260000000000002,18.576784,54.22241,0.70912606,1
32.28,16.313747,62.615,0.6775184,1
0.0,19.077906,12.395126,0.7622566,1
0.0,18.318993,16.266382,0.69817144,1
0.0,14.694438,13.746308,0.7149841,1
37.91,17.461866,13.272377,0.70417637,1
5.52,14.414182,13.323094,0.6900119,1
4.35,17.34768,12.335139,0.5753487,1
18.23,20.368671,12.852894,0.6332256,1
6.52,16.54999,13.090923,0.73633844,1
0.9500000000000002,17.817778,12.336854,0.666972,1
3.1500000000000004,17.434216,12.619658,0.7076452,1
4.19,16.628891,13.13648,0.78859407,1
20.73,18.118723,13.524123,0.7129108,1
32.21,15.102546,13.560547,0.608954,1
0.0,16.79608,13.330805,0.733197,1
20.01,15.807294,13.5440645,0.6784138,1
10.56,16.705698,14.173449,0.702886,1
77.73,17.001442,15.053266,0.83061326,1
19.11,17.316349,15.570034,0.7472382,1
10.34,15.90464,15.793327,0.69195545,1
55.91,20.201267,15.877582,0.7226019,1
16.32,15.626341,15.505295,0.71011734,1
0.0,15.727591,15.068463,0.71940255,1
1.3399999999999999,16.459995,15.001822,0.7372986,1
43.07,16.66431,15.057918,0.7155916,1
0.3599999999999999,16.21147,14.926451,0.6616498,1
2.87,15.814405,14.444993,0.6708431,1
0.0,16.368246,14.229516,0.7202944,1
0.0,15.494292,13.615681,0.49560082,0
10.06,15.912141,13.627954,0.72532076,1
0.0,16.353903,13.729156,0.71988606,1
13.61,15.260181,13.90814,0.6812685,1
19.92,15.664888,14.164372,0.6931754,1
2.92,17.076859,14.708006,0.69714576,1
8.58,14.565394,14.945322,0.81537366,1
0.0,16.108671,14.592612,0.7404904,1
7.380000000000001,15.875702,14.632367,0.7263221,1
0.0,15.14003,14.291973,0.6636039,1
14.27,16.461092,13.542537,0.71884143,1
212.82,15.385608,13.156763,0.67302823,1
23.01,16.204191,12.395581,0.7178706,1
0.0,16.045908,12.091571,0.7117266,1
2.8,16.07727,12.030392,0.50871664,1
5.57,15.601125,12.100208,0.6844714,1
7.199999999999999,17.130594,12.120487,0.7810966,1
102.34,14.150879,11.767478,0.69463813,1
10.62,16.712442,11.74179,0.67111844,1
3.4800000000000004,18.218445,12.071516,0.69634604,1
0.0,16.495218,12.601305,0.71903783,1
4.71,16.179354,12.430061,0.71196294,1
19.33,15.915102,13.318987,0.733357,1
0.71,20.24916,12.167465,0.7217226,1
0.0,19.18252,12.3745165,0.69802296,1
0.0,16.410461,13.48853,0.73509896,1
23.61,18.842632,13.352498,0.676794,1
2.4000000000000004,17.86301,12.839068,0.6968686,1
27.98,14.26683,13.2146845,0.7206349,1
6.32,23.756542,19.789892,0.7963281,1
4.24,15.57766,36.201187,0.6304648,1
0.3999999999999999,16.435184,12.761985,0.6945611,1
34.71,15.990233,14.017939,0.715526,1
2.3899999999999997,17.25167,14.213648,0.74281126,1
1.5199999999999996,16.518742,13.732613,0.71860915,1
0.0,17.363255,13.67083,0.6955646,1
0.0,15.966451,13.343925,0.5317139,1
0.0,16.408327,13.211206,0.70638734,1
47.09,17.951874,14.213046,0.72018224,1
0.0,17.294312,14.097435,0.7567362,1
31.08,12.989566,14.017192,0.7818901,1
0.0,17.832737,13.159501,0.7645088,1
9.66,16.423874,12.650266,0.6803339,1
0.0,18.294683,12.027413,0.7170675,1
11.66,14.828333,11.774735,0.7446041,1
28.95,18.356804,11.763773,0.7821554,1
0.0,15.725457,11.58273,0.6766939,1
21.48,15.935509,11.621989,0.6854392,1
4.57,16.696697,11.969414,0.66894615,1
25.96,14.941558,13.140339,0.67545104,1
86.58,16.331085,14.088894,0.7220229,1
2.37,15.337263,15.05797,0.69485307,1
6.27,16.069265,15.900408,0.6988988,1
2.9400000000000004,15.903814,15.909001,0.7913133,1
78.77,15.114898,15.118295,0.6999093,1
0.0,15.166886,15.200139,0.67756164,1
12.17,16.14111,15.694657,0.69955236,1
60.77,15.759578,15.630957,0.68187654,1
55.26,15.858643,15.603375,0.4597784,0
7.050000000000001,15.984099,15.444497,0.689303,1
1.6600000000000001,15.368014,15.3011055,0.71379495,1
4.47,15.43442,15.158593,0.7172518,1
0.0,14.956862,14.962903,0.65403336,1
0.0,18.032293,14.851787,0.67579824,1
15.760000000000002,15.536894,14.559634,0.72429323,1
38.73,14.711018,14.14477,0.65900373,1
7.66,16.649345,13.422897,0.6954092,1
0.0,15.789538,12.96892,0.70129305,1
0.0,18.046282,12.781315,0.6918093,1
2.3499999999999996,18.398563,12.4082575,0.690478,1
15.18,17.05509,11.972429,0.69258404,1
1.75,16.168705,11.423515,0.6652,1
0.0,18.056452,11.186877,0.72920036,1
0.0,19.198563,12.119741,0.71936566,1
0.8500000000000001,16.387014,14.318903,0.7121084,1
5.640000000000001,16.531712,33.046116,0.69848895,1
11.49,16.815062,125.43217,0.65589404,1
2.5599999999999996,16.545973,147.91454,0.70438546,1
5.01,16.67669,110.65409,0.58019567,1
38.04,18.091396,52.34842,0.6882012,1
0.0,16.006258,13.604961,0.76371115,1
0.0,16.860327,15.926074,0.71605206,1
25.39,17.797754,15.405662,0.7047121,1
0.0,16.857674,14.563512,0.6583312,1
11.17,19.860334,13.575048,0.70893174,1
1.79,17.374014,12.415794,0.7151957,1
31.0,16.216255,12.87119,0.7016667,1
4.01,16.56802,13.183762,0.708961,1
7.869999999999999,17.128475,15.313393,0.67957515,1
0.0,24.571917,40.40956,0.6892808,1
0.0,16.586706,56.251896,0.68468213,1
78.18,17.415676,60.041687,0.75548244,1
23.88,16.224543,14.6538,0.6726221,1
130.87,16.815245,15.513841,0.7029103,1
0.0,16.259827,15.387774,0.7387386,1
95.29,14.753088,15.410249,0.77052677,1
24.78,16.21447,15.37931,0.7075044,1
21.45,16.52375,15.336626,0.734281,1
0.0,16.839695,16.114437,0.6442213,1
24.71,16.2448,17.59664,0.704559,1
2.74,16.912247,23.9303,0.6689401,1
0.0,16.741901,16.871023,0.6735018,1
0.0,17.001188,13.921899,0.69775105,1
0.7999999999999998,15.790077,14.639913,0.7086491,1
0.0,17.184662,14.639458,0.7789979,1
22.12,21.089048,14.909138,0.7268167,1
23.5,16.866913,15.238821,0.6979818,1
57.97,16.919472,15.380316,0.6626588,1
14.739999999999998,16.727554,15.264318,0.6234031,1
4.53,16.655474,15.532832,0.65903574,1
36.2,14.074608,15.95338,0.704804,1
86.62,15.863925,16.082949,0.47602955,0
0.0,15.860635,15.657837,0.6581321,1
0.0,18.290916,15.899966,0.68152714,1
8.34,16.450708,16.287039,0.6959381,1
0.3599999999999999,15.648285,15.588438,0.65751165,1
0.0,15.133973,14.804871,0.69838554,1
0.0,14.865559,14.468643,0.62186223,1
1.7999999999999998,16.08067,13.960014,0.64641356,1
0.0,15.252023,13.530546,0.7555397,1
9.42,15.9686365,13.3546,0.6568321,1
6.449999999999999,16.437185,12.764332,0.70089585,1
19.6,17.6383,12.293231,0.6807727,1
0.0,14.576839,11.719286,0.6953037,1
11.2,17.904575,11.468502,0.6692556,1
0.0,17.861986,11.372139,0.71331286,1
0.0,16.321602,11.201375,0.6936138,1
8.51,17.660902,11.241415,0.7288964,1
9.43,14.84504,11.33427,0.6993882,1
5.380000000000001,16.509,11.4825325,0.67899084,1
1.87,15.679142,11.326836,0.7057184,1
5.42,18.506285,11.669105,0.78647023,1
13.61,17.41513,11.913947,0.7284265,1
0.0,19.315857,11.897926,0.7012378,1
12.1,20.71971,13.096342,0.7391107,1
2.3600000000000003,17.168953,13.128073,0.68612134,1
19.03,19.066343,13.178332,0.5946653,1
9.7,16.15756,13.023499,0.7141587,1
0.0,18.637655,12.902616,0.7132238,1
0.0,16.894775,13.203101,0.6905201,1
0.0,16.4802,13.606159,0.64944875,1
57.49,15.64901,13.965044,0.72525555,1
0.0,17.845991,13.965697,0.7538859,1
5.029999999999999,16.873346,13.793229,0.7320177,1
0.4900000000000002,17.27709,14.159584,0.6666386,1
7.1899999999999995,16.931503,14.006898,0.7646684,1
1.6799999999999997,14.637118,13.59859,0.66568995,1
6.6,16.149597,13.615394,0.70954716,1
3.55,15.422941,13.875481,0.7158327,1
2.99,15.496777,13.67822,0.7146286,1
0.7400000000000002,16.226173,13.400046,0.67813927,1
19.85,16.141115,13.166759,0.68684465,1
8.57,16.334003,13.220491,0.72679025,1
0.0,15.35362,13.281101,0.634948,1
31.990000000000002,17.477617,13.707974,0.67496336,1
1.6900000000000004,15.806193,13.886386,0.66552603,1
30.82,13.857377,13.876709,0.6860853,1
0.0,18.173037,13.561243,0.6650908,1
0.0,15.291244,13.618767,0.7031933,1
1.3899999999999997,16.292387,14.301915,0.7107679,1
127.77000000000001,15.762487,13.7097,0.70382875,1
0.0,14.87702,13.431997,0.7056046,1
0.0,16.952055,13.7209215,0.6803241,1
1.8399999999999999,15.289489,13.794703,0.7005736,1
1.29,15.742757,13.595252,0.67717946,1
0.0,15.576224,13.684446,0.6927222,1
8.4,16.264038,13.413293,0.6627946,1
0.22999999999999998,15.337905,13.539534,0.69754213,1
0.0,15.720479,13.464096,0.65601975,1
2.4000000000000004,21.964088,14.081806,0.62604845,1
67.76,15.593727,14.04742,0.70258564,1
0.0,17.911167,13.6811495,0.63392514,1
4.24,16.038303,14.589549,0.5910001,1
15.3,16.76666,14.944288,0.7611519,1
22.14,15.735172,14.997071,0.6800551,1
31.880000000000003,16.108753,15.085326,0.710936,1
0.0,17.290058,15.078535,0.69268095,1
76.42,15.833117,14.72505,0.69127953,1
3.7,16.798094,14.397029,0.7199304,1
5.65,17.170486,14.13197,0.7249135,1
0.0,16.302462,14.088161,0.67069757,1
3.58,18.18974,14.2018795,0.6651718,1
12.53,15.911421,14.507021,0.66971403,1
0.0,21.60053,14.813705,0.6041871,1
3.0300000000000002,16.233114,14.867142,0.7249129,1
20.3,17.376095,14.491038,0.7033291,1
0.0,17.037714,13.776191,0.6707137,1
0.0,16.023983,13.826345,0.68037933,1
13.3,16.196087,13.852098,0.6349872,1
55.61,17.359873,15.285959,0.7292794,1
0.8700000000000001,17.100264,14.127995,0.7538586,1
0.0,24.73471,14.20679,0.7509688,1
18.04,16.5148,15.9680805,0.72179025,1
0.0,17.70077,21.246243,0.7911014,1
0.0,18.071318,18.949516,0.7463572,1
81.69,16.568245,34.804012,0.68661535,1
57.7,17.569464,38.762966,0.7003007,1
0.0,16.667812,11.712115,0.6979131,1
34.23,17.583044,13.950232,0.6971583,1
0.31000000000000005,17.502275,14.500497,0.66814613,1
2.5700000000000003,15.9387,15.125063,0.6955953,1
0.0,16.533342,14.872651,0.7566177,1
4.32,17.472004,14.943003,0.56093526,1
10.98,17.097528,15.047567,0.77278197,1
0.0,15.842191,14.771503,0.6969329,1
137.16,15.774059,14.610918,0.7039231,1
0.0,17.17049,14.089292,0.7220187,1
0.0,16.328773,13.899101,0.66696733,1
0.0,15.889242,13.777459,0.6947085,1
37.75,16.165209,13.703816,0.6989251,1
1.62,16.017479,13.532833,0.6657925,1
0.0,14.564798,13.347367,0.6760204,1
3.1500000000000004,16.679388,13.61662,0.6916266,1
0.0,15.28579,13.853439,0.69744647,1
12.57,17.133514,13.702783,0.64365304,1
50.2,15.584845,13.680011,0.70031,1
3.21,15.745771,13.389065,0.71250826,1
4.8,16.832636,12.475112,0.7086816,1
4.59,16.620178,11.845683,0.69309527,1
6.460000000000001,15.900894,12.006256,0.7072434,1
0.0,15.566646,12.25787,0.653156,1
1.8099999999999996,15.6207285,12.842558,0.7055782,1
0.0,18.737003,13.951268,0.7127571,1
105.48,16.290543,13.635265,0.61414444,1
44.99,16.402607,12.258236,0.69939846,1
0.0,37.57049,11.9645,0.7192127,1
9.05,18.582842,12.694614,0.71760297,1
0.0,18.811203,14.160408,0.7012383,1
12.88,17.702852,20.58162,0.724551,1
0.0,17.616583,14.380109,0.6788305,1
6.65,16.378017,12.692922,0.70562166,1
200.76,24.30702,13.572612,0.7307785,1
0.0,17.092932,13.210244,0.6185969,1
97.9,16.287468,13.6103735,0.6131922,1
20.99,18.134405,13.754479,0.6907909,1
22.6,18.328173,13.678612,0.74295855,1
6.41,15.568352,13.334918,0.6869945,1
202.68,15.858048,13.989326,0.68756306,1
79.81,17.30079,14.015678,0.72286934,1
3.37,17.438547,13.712499,0.71741617,1
8.74,16.39643,14.426077,0.6711418,1
27.05,16.231966,14.975187,0.7373755,1
36.58,17.950247,15.157647,0.6982863,1
0.0,16.335873,14.9938965,0.7052326,1
3.3899999999999997,15.598554,15.401988,0.7822346,1
0.0,14.397178,15.366663,0.7189826,1
0.0,17.785114,15.285029,0.7823008,1
